frame.time_epoch,tcp.seq,ip.src
"1687812895.605023649","1",188.65.126.234
"1687812895.605031054","1349",188.65.126.234
"1687812895.605034407","2697",188.65.126.234
"1687812895.605047958","4119",188.65.126.234
"1687812895.605051311","5467",188.65.126.234
"1687812895.605854811","8163",188.65.126.234
"1687812895.605859002","9511",188.65.126.234
"1687812895.605865080","10859",188.65.126.234
"1687812895.605874090","16251",188.65.126.234
"1687812895.605879818","17599",188.65.126.234
"1687812895.605883660","20295",188.65.126.234
"1687812895.605891344","24339",188.65.126.234
"1687812895.605929413","25687",188.65.126.234
"1687812895.605933185","27035",188.65.126.234
"1687812895.605936537","28383",188.65.126.234
"1687812895.605939890","29731",188.65.126.234
"1687812895.605942335","31079",188.65.126.234
"1687812895.605944710","32427",188.65.126.234
"1687812895.606597821","33775",188.65.126.234
"1687812895.606901884","36471",188.65.126.234
"1687812895.606909079","37819",188.65.126.234
"1687812895.606913759","39167",188.65.126.234
"1687812895.606927380","40515",188.65.126.234
"1687812895.606933108","41863",188.65.126.234
"1687812895.606936949","43211",188.65.126.234
"1687812895.606939813","44559",188.65.126.234
"1687812895.606942677","45907",188.65.126.234
"1687812895.606945611","48603",188.65.126.234
"1687812895.606948475","49951",188.65.126.234
"1687812895.606951269","52647",188.65.126.234
"1687812895.606964541","53995",188.65.126.234
"1687812895.606968941","55343",188.65.126.234
"1687812895.606972294","56691",188.65.126.234
"1687812895.606976625","58039",188.65.126.234
"1687812895.606979000","59387",188.65.126.234
"1687812895.606981794","60735",188.65.126.234
"1687812895.606984169","62083",188.65.126.234
"1687812895.608611427","64779",188.65.126.234
"1687812895.608617155","66127",188.65.126.234
"1687812895.608620927","67475",188.65.126.234
"1687812895.608634897","68823",188.65.126.234
"1687812895.608639158","70171",188.65.126.234
"1687812895.608642441","71519",188.65.126.234
"1687812895.608646702","72867",188.65.126.234
"1687812895.608649636","74215",188.65.126.234
"1687812895.608653408","75563",188.65.126.234
"1687812895.608657180","76911",188.65.126.234
"1687812895.608660044","78259",188.65.126.234
"1687812895.608662489","79607",188.65.126.234
"1687812895.608676738","80955",188.65.126.234
"1687812895.608681069","82303",188.65.126.234
"1687812895.608684422","83651",188.65.126.234
"1687812895.608688194","84999",188.65.126.234
"1687812895.608691058","86347",188.65.126.234
"1687812895.608693992","87695",188.65.126.234
"1687812895.608696437","90391",188.65.126.234
"1687812895.608699789","91739",188.65.126.234
"1687812895.608704958","93087",188.65.126.234
"1687812895.608720605","94435",188.65.126.234
"1687812895.608725984","99827",188.65.126.234
"1687812895.608730314","101175",188.65.126.234
"1687812895.608735553","103871",188.65.126.234
"1687812895.608741141","106567",188.65.126.234
"1687812895.608745821","107915",188.65.126.234
"1687812895.608752108","109263",188.65.126.234
"1687812895.608756928","110611",188.65.126.234
"1687812895.608774530","111959",188.65.126.234
"1687812895.608790596","113307",188.65.126.234
"1687812895.608795905","114655",188.65.126.234
"1687812895.608800236","116003",188.65.126.234
"1687812895.608807430","118699",188.65.126.234
"1687812895.608813507","120047",188.65.126.234
"1687812895.608817768","121395",188.65.126.234
"1687812895.608823077","122743",188.65.126.234
"1687812895.611165404","124091",188.65.126.234
"1687812895.611187268","126787",188.65.126.234
"1687812895.611194463","128135",188.65.126.234
"1687812895.611198374","129483",188.65.126.234
"1687812895.611206896","133527",188.65.126.234
"1687812895.611213043","134875",188.65.126.234
"1687812895.611217304","136223",188.65.126.234
"1687812895.611228410","141615",188.65.126.234
"1687812895.611230785","142963",188.65.126.234
"1687812895.611233160","144311",188.65.126.234
"1687812895.611236932","145659",188.65.126.234
"1687812895.611278354","147007",188.65.126.234
"1687812895.611281218","148355",188.65.126.234
"1687812895.611284082","149703",188.65.126.234
"1687812895.611287505","151051",188.65.126.234
"1687812895.611290927","153747",188.65.126.234
"1687812895.611293791","155095",188.65.126.234
"1687812895.611296166","156443",188.65.126.234
"1687812895.611298471","159139",188.65.126.234
"1687812895.611302243","163183",188.65.126.234
"1687812895.611318030","164531",188.65.126.234
"1687812895.611322361","165879",188.65.126.234
"1687812895.611325294","167227",188.65.126.234
"1687812895.611327599","168575",188.65.126.234
"1687812895.611329974","169923",188.65.126.234
"1687812895.611332768","171271",188.65.126.234
"1687812895.611336540","172619",188.65.126.234
"1687812895.611340382","173967",188.65.126.234
"1687812895.611343735","175315",188.65.126.234
"1687812895.611359102","176663",188.65.126.234
"1687812895.611362385","178011",188.65.126.234
"1687812895.611365179","179359",188.65.126.234
"1687812895.611368951","180707",188.65.126.234
"1687812895.611372304","182055",188.65.126.234
"1687812895.611375238","183403",188.65.126.234
"1687812895.611377613","186099",188.65.126.234
"1687812895.611379988","187447",188.65.126.234
"1687812895.611382433","190143",188.65.126.234
"1687812895.611392002","191491",188.65.126.234
"1687812895.611394866","192839",188.65.126.234
"1687812895.611398079","194187",188.65.126.234
"1687812895.611953328","195535",188.65.126.234
"1687812895.611960034","196883",188.65.126.234
"1687812895.611961990","200927",188.65.126.234
"1687812895.611974004","202275",188.65.126.234
"1687812895.611976309","206319",188.65.126.234
"1687812895.611979104","207667",188.65.126.234
"1687812895.611981478","209015",188.65.126.234
"1687812895.611983853","210363",188.65.126.234
"1687812895.611987625","211711",188.65.126.234
"1687812895.614610057","213059",188.65.126.234
"1687812895.614616763","214407",188.65.126.234
"1687812895.614619207","215755",188.65.126.234
"1687812895.614622560","217103",188.65.126.234
"1687812895.614636810","218451",188.65.126.234
"1687812895.614645332","219799",188.65.126.234
"1687812895.614650152","221147",188.65.126.234
"1687812895.614652596","222495",188.65.126.234
"1687812895.614654971","223843",188.65.126.234
"1687812895.614657835","225191",188.65.126.234
"1687812895.614661607","226539",188.65.126.234
"1687812895.614664052","229235",188.65.126.234
"1687812895.614666427","230583",188.65.126.234
"1687812895.614673482","234627",188.65.126.234
"1687812895.614678791","235975",188.65.126.234
"1687812895.614689827","237323",188.65.126.234
"1687812895.614695974","238671",188.65.126.234
"1687812895.614698349","240019",188.65.126.234
"1687812895.614702121","241367",188.65.126.234
"1687812895.614704496","242715",188.65.126.234
"1687812895.614709246","244063",188.65.126.234
"1687812895.614719863","245411",188.65.126.234
"1687812895.614723146","246759",188.65.126.234
"1687812895.614726429","249455",188.65.126.234
"1687812895.614729782","250803",188.65.126.234
"1687812895.614733135","252151",188.65.126.234
"1687812895.614735999","254847",188.65.126.234
"1687812895.614739352","256195",188.65.126.234
"1687812895.614741727","257543",188.65.126.234
"1687812895.614748013","260239",188.65.126.234
"1687812895.614758840","261587",188.65.126.234
"1687812895.614763101","262935",188.65.126.234
"1687812895.614765546","265631",188.65.126.234
"1687812895.614768410","266979",188.65.126.234
"1687812895.614770296","269675",188.65.126.234
"1687812895.614773230","271023",188.65.126.234
"1687812895.614775186","272371",188.65.126.234
"1687812895.614779516","273719",188.65.126.234
"1687812895.614783358","275067",188.65.126.234
"1687812895.614795093","277763",188.65.126.234
"1687812895.614797957","279111",188.65.126.234
"1687812895.614801799","280459",188.65.126.234
"1687812895.614804663","281807",188.65.126.234
"1687812895.614807597","284503",188.65.126.234
"1687812895.614810530","288547",188.65.126.234
"1687812895.614814302","289895",188.65.126.234
"1687812895.614818074","291243",188.65.126.234
"1687812895.614821846","292591",188.65.126.234
"1687812895.614829809","293939",188.65.126.234
"1687812895.614833162","295287",188.65.126.234
"1687812895.614836445","297983",188.65.126.234
"1687812895.615002831","299331",188.65.126.234
"1687812895.615010375","300679",188.65.126.234
"1687812895.615014147","302027",188.65.126.234
"1687812895.615022250","303375",188.65.126.234
"1687812895.615026581","304723",188.65.126.234
"1687812895.616476696","308767",188.65.126.234
"1687812895.616481027","310115",188.65.126.234
"1687812895.616485288","311463",188.65.126.234
"1687812895.616497093","315507",188.65.126.234
"1687812895.616502890","316855",188.65.126.234
"1687812895.616505754","318203",188.65.126.234
"1687812895.616508199","320899",188.65.126.234
"1687812895.616512041","323595",188.65.126.234
"1687812895.616524335","324943",188.65.126.234
"1687812895.616528107","326291",188.65.126.234
"1687812895.616531949","327639",188.65.126.234
"1687812895.616534882","328987",188.65.126.234
"1687812895.616544452","330335",188.65.126.234
"1687812895.616547246","331683",188.65.126.234
"1687812895.616550110","333031",188.65.126.234
"1687812895.616552555","334379",188.65.126.234
"1687812895.616555349","335727",188.65.126.234
"1687812895.617455803","338423",188.65.126.234
"1687812895.617462439","339771",188.65.126.234
"1687812895.617465792","341119",188.65.126.234
"1687812895.617478086","342467",188.65.126.234
"1687812895.617482766","343815",188.65.126.234
"1687812895.617485141","346511",188.65.126.234
"1687812895.617489402","349207",188.65.126.234
"1687812895.617491777","351903",188.65.126.234
"1687812895.617504699","353251",188.65.126.234
"1687812895.617508052","354599",188.65.126.234
"1687812895.617510008","355947",188.65.126.234
"1687812895.617513780","357295",188.65.126.234
"1687812895.617515666","358643",188.65.126.234
"1687812895.617521813","359991",188.65.126.234
"1687812895.617524677","361339",188.65.126.234
"1687812895.617528519","362687",188.65.126.234
"1687812895.617530963","364035",188.65.126.234
"1687812895.617543327","365383",188.65.126.234
"1687812895.617545702","368079",188.65.126.234
"1687812895.617548077","369427",188.65.126.234
"1687812895.617551849","370775",188.65.126.234
"1687812895.617554224","372123",188.65.126.234
"1687812895.617557088","373471",188.65.126.234
"1687812895.617561000","377515",188.65.126.234
"1687812895.617564841","378863",188.65.126.234
"1687812895.617568194","381559",188.65.126.234
"1687812895.617577694","382907",188.65.126.234
"1687812895.617579999","384255",188.65.126.234
"1687812895.617582374","385603",188.65.126.234
"1687812895.619980094","386951",188.65.126.234
"1687812895.622102808","388299",188.65.126.234
"1687812895.622117197","390995",188.65.126.234
"1687812895.622124322","392343",188.65.126.234
"1687812895.622128094","395039",188.65.126.234
"1687812895.622132425","396387",188.65.126.234
"1687812895.622145836","399083",188.65.126.234
"1687812895.622150097","400431",188.65.126.234
"1687812895.622153869","401779",188.65.126.234
"1687812895.622158130","403127",188.65.126.234
"1687812895.622161483","404475",188.65.126.234
"1687812895.622165814","405823",188.65.126.234
"1687812895.622169726","407171",188.65.126.234
"1687812895.622173567","408519",188.65.126.234
"1687812895.622177339","411215",188.65.126.234
"1687812895.622191030","412563",188.65.126.234
"1687812895.622195361","413911",188.65.126.234
"1687812895.622198714","415259",188.65.126.234
"1687812895.622203115","416607",188.65.126.234
"1687812895.622206956","417955",188.65.126.234
"1687812895.622211148","419303",188.65.126.234
"1687812895.622214920","420651",188.65.126.234
"1687812895.622219111","421999",188.65.126.234
"1687812895.622222883","423347",188.65.126.234
"1687812895.622236294","426043",188.65.126.234
"1687812895.622240555","427391",188.65.126.234
"1687812895.622244816","428739",188.65.126.234
"1687812895.622248518","430087",188.65.126.234
"1687812895.622252220","431435",188.65.126.234
"1687812895.622262698","432783",188.65.126.234
"1687812895.622267029","434131",188.65.126.234
"1687812895.622270870","435479",188.65.126.234
"1687812895.622275201","436827",188.65.126.234
"1687812895.622288892","438175",188.65.126.234
"1687812895.622292734","439523",188.65.126.234
"1687812895.622297065","440871",188.65.126.234
"1687812895.622300976","443567",188.65.126.234
"1687812895.622305237","444915",188.65.126.234
"1687812895.622307612","446263",188.65.126.234
"1687812895.622310476","447611",188.65.126.234
"1687812895.622313340","448959",188.65.126.234
"1687812895.622317112","450307",188.65.126.234
"1687812895.629856734","453003",188.65.126.234
"1687812895.629863300","454351",188.65.126.234
"1687812895.629875663","455699",188.65.126.234
"1687812895.629879505","457047",188.65.126.234
"1687812895.629882928","459743",188.65.126.234
"1687812895.629886770","461091",188.65.126.234
"1687812895.629889145","462439",188.65.126.234
"1687812895.629892009","463787",188.65.126.234
"1687812895.629895222","465135",188.65.126.234
"1687812895.629898016","466483",188.65.126.234
"1687812895.629902277","467831",188.65.126.234
"1687812895.629912265","471875",188.65.126.234
"1687812895.629918482","475919",188.65.126.234
"1687812895.629920368","477267",188.65.126.234
"1687812895.629934199","479963",188.65.126.234
"1687812895.629937482","481311",188.65.126.234
"1687812895.629941324","482659",188.65.126.234
"1687812895.629944676","484007",188.65.126.234
"1687812895.629947121","485355",188.65.126.234
"1687812895.629949985","486703",188.65.126.234
"1687812895.629952919","488051",188.65.126.234
"1687812895.629955713","489399",188.65.126.234
"1687812895.629958577","490747",188.65.126.234
"1687812895.629971360","492095",188.65.126.234
"1687812895.629974713","493443",188.65.126.234
"1687812895.629977646","494791",188.65.126.234
"1687812895.629981977","496139",188.65.126.234
"1687812895.629984841","498835",188.65.126.234
"1687812895.629987705","500183",188.65.126.234
"1687812895.629990499","502879",188.65.126.234
"1687812895.629993363","504227",188.65.126.234
"1687812895.629996227","505575",188.65.126.234
"1687812895.630005727","506923",188.65.126.234
"1687812895.630009079","509619",188.65.126.234
"1687812895.630014947","510967",188.65.126.234
"1687812895.630017322","512315",188.65.126.234
"1687812895.630020116","515011",188.65.126.234
"1687812895.637643210","516359",188.65.126.234
"1687812895.637651173","517707",188.65.126.234
"1687812895.637663746","520403",188.65.126.234
"1687812895.637670312","521751",188.65.126.234
"1687812895.637673176","523099",188.65.126.234
"1687812895.637675621","524447",188.65.126.234
"1687812895.637679812","525795",188.65.126.234
"1687812895.637682676","527143",188.65.126.234
"1687812895.637695668","528491",188.65.126.234
"1687812895.637699021","529839",188.65.126.234
"1687812895.637704609","531187",188.65.126.234
"1687812895.637708451","532535",188.65.126.234
"1687812895.637711315","535231",188.65.126.234
"1687812895.637713690","536579",188.65.126.234
"1687812895.637718021","537927",188.65.126.234
"1687812895.637730035","539275",188.65.126.234
"1687812895.637734715","540623",188.65.126.234
"1687812895.637737509","541971",188.65.126.234
"1687812895.637741770","543319",188.65.126.234
"1687812895.637744215","544667",188.65.126.234
"1687812895.637747079","546015",188.65.126.234
"1687812895.637750432","547363",188.65.126.234
"1687812895.637754763","548711",188.65.126.234
"1687812895.637757696","550059",188.65.126.234
"1687812895.637776137","552755",188.65.126.234
"1687812895.637780957","554103",188.65.126.234
"1687812895.637783821","555451",188.65.126.234
"1687812895.637786266","558147",188.65.126.234
"1687812895.637789199","559495",188.65.126.234
"1687812895.637792063","560843",188.65.126.234
"1687812895.637796324","562191",188.65.126.234
"1687812895.637799118","564887",188.65.126.234
"1687812895.637801912","567583",188.65.126.234
"1687812895.637814625","568931",188.65.126.234
"1687812895.637817978","570279",188.65.126.234
"1687812895.637821401","571627",188.65.126.234
"1687812895.637826151","572975",188.65.126.234
"1687812895.637829923","574323",188.65.126.234
"1687812895.637832717","575671",188.65.126.234
"1687812895.637836419","577019",188.65.126.234
"1687812895.637839283","578367",188.65.126.234
"1687812895.637842147","579715",188.65.126.234
"1687812895.640365669","581063",188.65.126.234
"1687812895.640379569","582411",188.65.126.234
"1687812895.640385786","585107",188.65.126.234
"1687812895.640388161","586455",188.65.126.234
"1687812895.640401921","587803",188.65.126.234
"1687812895.640407649","589151",188.65.126.234
"1687812895.640410094","590499",188.65.126.234
"1687812895.640413447","591847",188.65.126.234
"1687812895.640416800","593195",188.65.126.234
"1687812895.640420642","595891",188.65.126.234
"1687812895.640423855","597239",188.65.126.234
"1687812895.640433844","599935",188.65.126.234
"1687812895.640440549","601283",188.65.126.234
"1687812895.640443972","605327",188.65.126.234
"1687812895.640458641","606675",188.65.126.234
"1687812895.640465696","608023",188.65.126.234
"1687812895.640468071","609371",188.65.126.234
"1687812895.640471843","613415",188.65.126.234
"1687812895.640474776","614763",188.65.126.234
"1687812895.640477151","616111",188.65.126.234
"1687812895.640480015","617459",188.65.126.234
"1687812895.640482879","618807",188.65.126.234
"1687812895.640496710","620155",188.65.126.234
"1687812895.640500971","621503",188.65.126.234
"1687812895.640503765","622851",188.65.126.234
"1687812895.640506210","624199",188.65.126.234
"1687812895.640509143","625547",188.65.126.234
"1687812895.640511518","626895",188.65.126.234
"1687812895.640514452","628243",188.65.126.234
"1687812895.640517246","629591",188.65.126.234
"1687812895.640520110","630939",188.65.126.234
"1687812895.640533382","632287",188.65.126.234
"1687812895.640535757","633635",188.65.126.234
"1687812895.640537713","636331",188.65.126.234
"1687812895.640541554","637679",188.65.126.234
"1687812895.640544488","639027",188.65.126.234
"1687812895.640547352","640375",188.65.126.234
"1687812895.640550146","641723",188.65.126.234
"1687812895.640553010","643071",188.65.126.234
"1687812895.643053062","645767",188.65.126.234
"1687812895.643059348","647115",188.65.126.234
"1687812895.643070455","649811",188.65.126.234
"1687812895.643075694","651159",188.65.126.234
"1687812895.643078069","652507",188.65.126.234
"1687812895.643080374","653855",188.65.126.234
"1687812895.643089734","655203",188.65.126.234
"1687812895.643093087","656551",188.65.126.234
"1687812895.643101678","660595",188.65.126.234
"1687812895.643106428","663291",188.65.126.234
"1687812895.643108803","664639",188.65.126.234
"1687812895.643123332","665987",188.65.126.234
"1687812895.643126685","667335",188.65.126.234
"1687812895.643129549","668683",188.65.126.234
"1687812895.643131924","670031",188.65.126.234
"1687812895.643135347","671379",188.65.126.234
"1687812895.643137722","672727",188.65.126.234
"1687812895.643140167","674075",188.65.126.234
"1687812895.643142541","675423",188.65.126.234
"1687812895.643144916","676771",188.65.126.234
"1687812895.643157629","679467",188.65.126.234
"1687812895.643160074","680815",188.65.126.234
"1687812895.643162449","682163",188.65.126.234
"1687812895.643166291","683511",188.65.126.234
"1687812895.643168736","684859",188.65.126.234
"1687812895.643171111","687555",188.65.126.234
"1687812895.643173486","688903",188.65.126.234
"1687812895.643175861","690251",188.65.126.234
"1687812895.643178236","692947",188.65.126.234
"1687812895.643190110","694295",188.65.126.234
"1687812895.643192485","695643",188.65.126.234
"1687812895.643194930","696991",188.65.126.234
"1687812895.643197794","698339",188.65.126.234
"1687812895.643199750","699687",188.65.126.234
"1687812895.643202614","701035",188.65.126.234
"1687812895.643204989","702383",188.65.126.234
"1687812895.643209250","703731",188.65.126.234
"1687812895.643211625","705079",188.65.126.234
"1687812895.643219657","707775",188.65.126.234
"1687812895.643223010","709123",188.65.126.234
"1687812895.644979913","710471",188.65.126.234
"1687812895.644986060","711819",188.65.126.234
"1687812895.644989483","713167",188.65.126.234
"1687812895.645004291","714515",188.65.126.234
"1687812895.645011346","717211",188.65.126.234
"1687812895.645014210","718559",188.65.126.234
"1687812895.645018541","719907",188.65.126.234
"1687812895.645020986","721255",188.65.126.234
"1687812895.645023849","722603",188.65.126.234
"1687812895.645027202","723951",188.65.126.234
"1687812895.645031952","725299",188.65.126.234
"1687812895.645044735","726647",188.65.126.234
"1687812895.645048088","727995",188.65.126.234
"1687812895.645051930","729343",188.65.126.234
"1687812895.645054864","732039",188.65.126.234
"1687812895.645057797","733387",188.65.126.234
"1687812895.645060102","734735",188.65.126.234
"1687812895.645062966","736083",188.65.126.234
"1687812895.645066249","737431",188.65.126.234
"1687812895.645069183","738779",188.65.126.234
"1687812895.645082455","740127",188.65.126.234
"1687812895.645084900","741475",188.65.126.234
"1687812895.645087833","742823",188.65.126.234
"1687812895.645090208","746867",188.65.126.234
"1687812895.645092583","748215",188.65.126.234
"1687812895.645096285","749563",188.65.126.234
"1687812895.645099638","750911",188.65.126.234
"1687812895.645102013","752259",188.65.126.234
"1687812895.645105785","754955",188.65.126.234
"1687812895.645639310","757651",188.65.126.234
"1687812895.645645946","760347",188.65.126.234
"1687812895.645657402","761695",188.65.126.234
"1687812895.645660824","763043",188.65.126.234
"1687812895.645662780","765739",188.65.126.234
"1687812895.645665155","767087",188.65.126.234
"1687812895.645667530","768435",188.65.126.234
"1687812895.646137141","769783",188.65.126.234
"1687812895.646143498","771131",188.65.126.234
"1687812895.646145873","772479",188.65.126.234
"1687812895.646153417","773827",188.65.126.234
"1687812895.646159633","775175",188.65.126.234
"1687812895.646557577","777871",188.65.126.234
"1687812895.646560930","779219",188.65.126.234
"1687812895.647135178","780567",188.65.126.234
"1687812895.647140487","781915",188.65.126.234
"1687812895.647149498","783263",188.65.126.234
"1687812895.647152781","784611",188.65.126.234
"1687812895.647155645","785959",188.65.126.234
"1687812895.647899283","787307",188.65.126.234
"1687812895.647903125","788655",188.65.126.234
"1687812895.648264745","791351",188.65.126.234
"1687812895.648267609","792699",188.65.126.234
"1687812895.648752378","794047",188.65.126.234
"1687812895.648757128","795395",188.65.126.234
"1687812895.649114767","796743",188.65.126.234
"1687812895.649331865","798091",188.65.126.234
"1687812895.649335707","799439",188.65.126.234
"1687812895.649900595","800787",188.65.126.234
"1687812895.649906812","802135",188.65.126.234
"1687812895.649913518","803483",188.65.126.234
"1687812895.649917430","804831",188.65.126.234
"1687812895.650743772","807527",188.65.126.234
"1687812895.650747614","808875",188.65.126.234
"1687812895.651122157","810223",188.65.126.234
"1687812895.651128304","811571",188.65.126.234
"1687812895.651135079","812919",188.65.126.234
"1687812895.651702273","814267",188.65.126.234
"1687812895.651708560","815615",188.65.126.234
"1687812895.651717640","816963",188.65.126.234
"1687812895.651720993","818311",188.65.126.234
"1687812895.651722809","819659",188.65.126.234
"1687812895.652372497","821007",188.65.126.234
"1687812895.652376269","822355",188.65.126.234
"1687812895.652788043","825051",188.65.126.234
"1687812895.652792304","826399",188.65.126.234
"1687812895.653320311","829095",188.65.126.234
"1687812895.653727824","830443",188.65.126.234
"1687812895.653733133","831791",188.65.126.234
"1687812895.653737883","833139",188.65.126.234
"1687812895.654258625","834487",188.65.126.234
"1687812895.654264772","835835",188.65.126.234
"1687812895.654270150","837183",188.65.126.234
"1687812895.655108507","841227",188.65.126.234
"1687812895.655112279","842575",188.65.126.234
"1687812895.655461326","843923",188.65.126.234
"1687812895.655612555","845271",188.65.126.234
"1687812895.656306109","847967",188.65.126.234
"1687812895.656311348","849315",188.65.126.234
"1687812895.656318473","850663",188.65.126.234
"1687812895.657180160","853359",188.65.126.234
"1687812895.657182605","854707",188.65.126.234
"1687812895.658370498","856055",188.65.126.234
"1687812895.658377553","857403",188.65.126.234
"1687812895.659717233","858751",188.65.126.234
"1687812895.659721424","860099",188.65.126.234
"1687812895.660315231","862795",188.65.126.234
"1687812895.660322007","864143",188.65.126.234
"1687812895.660325360","865491",188.65.126.234
"1687812895.660334859","866839",188.65.126.234
"1687812895.660338142","868187",188.65.126.234
"1687812895.660340936","869535",188.65.126.234
"1687812895.660344289","870883",188.65.126.234
"1687812895.661501168","872231",188.65.126.234
"1687812895.661513602","876275",188.65.126.234
"1687812895.661515418","877623",188.65.126.234
"1687812895.661517793","878971",188.65.126.234
"1687812895.661520587","880319",188.65.126.234
"1687812895.662970702","881667",188.65.126.234
"1687812895.662976989","883015",188.65.126.234
"1687812895.662982787","884363",188.65.126.234
"1687812895.664549484","885711",188.65.126.234
"1687812895.665069248","888407",188.65.126.234
"1687812895.665077351","889755",188.65.126.234
"1687812895.665844389","892451",188.65.126.234
"1687812895.665851025","893799",188.65.126.234
"1687812895.665862132","895147",188.65.126.234
"1687812895.665865415","896495",188.65.126.234
"1687812895.665867789","901887",188.65.126.234
"1687812895.665871631","903235",188.65.126.234
"1687812895.665874914","904583",188.65.126.234
"1687812895.670094289","905931",188.65.126.234
"1687812895.670100925","907279",188.65.126.234
"1687812895.670103788","908627",188.65.126.234
"1687812895.670117689","909975",188.65.126.234
"1687812895.670121042","911323",188.65.126.234
"1687812895.670123417","912671",188.65.126.234
"1687812895.670127189","914019",188.65.126.234
"1687812895.670130053","916715",188.65.126.234
"1687812895.670132917","918063",188.65.126.234
"1687812895.670135711","920759",188.65.126.234
"1687812895.672494802","923455",188.65.126.234
"1687812895.672501438","924803",188.65.126.234
"1687812895.672516805","927499",188.65.126.234
"1687812895.672521066","930195",188.65.126.234
"1687812895.672524349","931543",188.65.126.234
"1687812895.672527702","932891",188.65.126.234
"1687812895.672530566","934239",188.65.126.234
"1687812895.672533360","935587",188.65.126.234
"1687812895.672536224","936935",188.65.126.234
"1687812895.672538599","938283",188.65.126.234
"1687812895.672552080","940979",188.65.126.234
"1687812895.672555363","942327",188.65.126.234
"1687812895.672557669","945023",188.65.126.234
"1687812895.672561510","946371",188.65.126.234
"1687812895.672564374","947719",188.65.126.234
"1687812895.672567238","950415",188.65.126.234
"1687812895.672569124","951763",188.65.126.234
"1687812895.672572966","953111",188.65.126.234
"1687812895.672577367","955807",188.65.126.234
"1687812895.672773509","957155",188.65.126.234
"1687812895.673113546","959851",188.65.126.234
"1687812895.673119833","962547",188.65.126.234
"1687812895.673128494","965243",188.65.126.234
"1687812895.673131707","966591",188.65.126.234
"1687812895.673137365","969287",188.65.126.234
"1687812895.674287050","970635",188.65.126.234
"1687812895.674292638","971983",188.65.126.234
"1687812895.674304093","974679",188.65.126.234
"1687812895.674306538","976027",188.65.126.234
"1687812895.674308913","977375",188.65.126.234
"1687812895.674311358","978723",188.65.126.234
"1687812895.674313733","980071",188.65.126.234
"1687812895.674822810","981419",188.65.126.234
"1687812895.674829027","982767",188.65.126.234
"1687812895.674831472","984115",188.65.126.234
"1687812895.674839435","985463",188.65.126.234
"1687812895.674842229","986811",188.65.126.234
"1687812895.675284947","988159",188.65.126.234
"1687812895.675291234","989507",188.65.126.234
"1687812895.675298498","992203",188.65.126.234
"1687812895.675501905","993551",188.65.126.234
"1687812895.676415911","994899",188.65.126.234
"1687812895.676419753","997595",188.65.126.234
"1687812895.676745680","998943",188.65.126.234
"1687812895.676748474","1000291",188.65.126.234
"1687812895.677243231","1002987",188.65.126.234
"1687812895.677254338","1005683",188.65.126.234
"1687812895.677256713","1007031",188.65.126.234
"1687812895.677924422","1009727",188.65.126.234
"1687812895.677927356","1011075",188.65.126.234
"1687812895.678303226","1012423",188.65.126.234
"1687812895.678306579","1013771",188.65.126.234
"1687812895.678873144","1016467",188.65.126.234
"1687812895.678876497","1017815",188.65.126.234
"1687812895.678879361","1019163",188.65.126.234
"1687812895.678882783","1020511",188.65.126.234
"1687812895.679518711","1023207",188.65.126.234
"1687812895.680130749","1024555",188.65.126.234
"1687812895.680134591","1027251",188.65.126.234
"1687812895.680434672","1028599",188.65.126.234
"1687812895.687975691","1031295",188.65.126.234
"1687812895.687979463","1032643",188.65.126.234
"1687812895.687982257","1033991",188.65.126.234
"1687812895.690010532","1036687",188.65.126.234
"1687812895.690016819","1039383",188.65.126.234
"1687812895.690029252","1040731",188.65.126.234
"1687812895.690035818","1042079",188.65.126.234
"1687812895.690038193","1043427",188.65.126.234
"1687812895.690042035","1044775",188.65.126.234
"1687812895.690046366","1046123",188.65.126.234
"1687812895.690048811","1048819",188.65.126.234
"1687812895.690062152","1050167",188.65.126.234
"1687812895.690064946","1052863",188.65.126.234
"1687812895.690067251","1054211",188.65.126.234
"1687812895.690074027","1055559",188.65.126.234
"1687812895.690076891","1056907",188.65.126.234
"1687812895.690079755","1058255",188.65.126.234
"1687812895.690082200","1059603",188.65.126.234
"1687812895.690084644","1060951",188.65.126.234
"1687812895.690087997","1062299",188.65.126.234
"1687812895.690144926","1063647",188.65.126.234
"1687812895.690147860","1069039",188.65.126.234
"1687812895.690149746","1071735",188.65.126.234
"1687812895.690153658","1073083",188.65.126.234
"1687812895.690156033","1075779",188.65.126.234
"1687812895.690159805","1077127",188.65.126.234
"1687812895.690162180","1078475",188.65.126.234
"1687812895.690167837","1081171",188.65.126.234
"1687812895.690171609","1082519",188.65.126.234
"1687812895.690179782","1083867",188.65.126.234
"1687812895.690183205","1085215",188.65.126.234
"1687812895.690971338","1086563",188.65.126.234
"1687812895.690977555","1089259",188.65.126.234
"1687812895.690985239","1091955",188.65.126.234
"1687812895.690989011","1093303",188.65.126.234
"1687812895.691143662","1095999",188.65.126.234
"1687812895.691149809","1097347",188.65.126.234
"1687812895.691161544","1098695",188.65.126.234
"1687812895.691164827","1100043",188.65.126.234
"1687812895.691167202","1101391",188.65.126.234
"1687812895.691171043","1102739",188.65.126.234
"1687812895.691620537","1104087",188.65.126.234
"1687812895.691627243","1106783",188.65.126.234
"1687812895.691634717","1108131",188.65.126.234
"1687812895.691638489","1109479",188.65.126.234
"1687812895.692146239","1112175",188.65.126.234
"1687812895.692151967","1113523",188.65.126.234
"1687812895.692154831","1114871",188.65.126.234
"1687812895.692162095","1116219",188.65.126.234
"1687812895.692659856","1117567",188.65.126.234
"1687812895.692665654","1118915",188.65.126.234
"1687812895.692668518","1120263",188.65.126.234
"1687812895.692676691","1121611",188.65.126.234
"1687812895.692680043","1122959",188.65.126.234
"1687812895.693624993","1124307",188.65.126.234
"1687812895.693628276","1125655",188.65.126.234
"1687812895.694156563","1128351",188.65.126.234
"1687812895.694159846","1129699",188.65.126.234
"1687812895.694673533","1131047",188.65.126.234
"1687812895.694680169","1132395",188.65.126.234
"1687812895.694684430","1133743",188.65.126.234
"1687812895.694690646","1135091",188.65.126.234
"1687812895.696083623","1141831",188.65.126.234
"1687812895.696087395","1143179",188.65.126.234
"1687812895.696589278","1144527",188.65.126.234
"1687812895.696747701","1145875",188.65.126.234
"1687812895.696753847","1147223",188.65.126.234
"1687812895.696756292","1148571",188.65.126.234
"1687812895.696762858","1149919",188.65.126.234
"1687812895.697263483","1153963",188.65.126.234
"1687812895.697268233","1155311",188.65.126.234
"1687812895.698262149","1160703",188.65.126.234
"1687812895.698412679","1163399",188.65.126.234
"1687812895.699154850","1166095",188.65.126.234
"1687812895.699158203","1167443",188.65.126.234
"1687812895.699667559","1168791",188.65.126.234
"1687812895.699674125","1170139",188.65.126.234
"1687812895.699677967","1171487",188.65.126.234
"1687812895.699685162","1172835",188.65.126.234
"1687812895.699688585","1174183",188.65.126.234
"1687812895.700223786","1175531",188.65.126.234
"1687812895.700227698","1176879",188.65.126.234
"1687812895.700640799","1178227",188.65.126.234
"1687812895.700648064","1179575",188.65.126.234
"1687812895.700653791","1180923",188.65.126.234
"1687812895.701164545","1182271",188.65.126.234
"1687812895.701168317","1183619",188.65.126.234
"1687812895.701630174","1184967",188.65.126.234
"1687812895.701634505","1186315",188.65.126.234
"1687812895.701637439","1187663",188.65.126.234
"1687812895.702136667","1189011",188.65.126.234
"1687812895.702141417","1190359",188.65.126.234
"1687812895.702146237","1191707",188.65.126.234
"1687812895.702481593","1193055",188.65.126.234
"1687812895.702485365","1194403",188.65.126.234
"1687812895.703006596","1197099",188.65.126.234
"1687812895.703017563","1198447",188.65.126.234
"1687812895.703371430","1199795",188.65.126.234
"1687812895.703374713","1201143",188.65.126.234
"1687812895.704143638","1203839",188.65.126.234
"1687812895.704564353","1206535",188.65.126.234
"1687812895.704568125","1207883",188.65.126.234
"1687812895.705070915","1209231",188.65.126.234
"1687812895.705075595","1210579",188.65.126.234
"1687812895.705082790","1213275",188.65.126.234
"1687812895.705086073","1214623",188.65.126.234
"1687812895.705633848","4045",188.65.126.234
"1687812895.706024527","6815",188.65.126.234
"1687812895.706983097","12207",188.65.126.234
"1687812895.706987428","13555",188.65.126.234
"1687812895.706990222","14903",188.65.126.234
"1687812895.707524586","18947",188.65.126.234
"1687812895.707530872","21643",188.65.126.234
"1687812895.707534155","22991",188.65.126.234
"1687812895.707542537","35123",188.65.126.234
"1687812895.708079625","51299",188.65.126.234
"1687812895.708085842","1215971",188.65.126.234
"1687812895.708089055","1217319",188.65.126.234
"1687812895.708096669","1218667",188.65.126.234
"1687812895.708100021","1220015",188.65.126.234
"1687812895.708599669","1222711",188.65.126.234
"1687812895.708785194","1225407",188.65.126.234
"1687812895.708789385","1226755",188.65.126.234
"1687812895.709092959","1228103",188.65.126.234
"1687812895.709271150","1229451",188.65.126.234
"1687812895.709274992","1230799",188.65.126.234
"1687812895.709589812","1232147",188.65.126.234
"1687812895.709893666","1234843",188.65.126.234
"1687812895.710452477","1237539",188.65.126.234
"1687812895.710456179","1238887",188.65.126.234
"1687812895.712771195","89043",188.65.126.234
"1687812895.713846837","95783",188.65.126.234
"1687812895.713850609","97131",188.65.126.234
"1687812895.713873450","98479",188.65.126.234
"1687812895.713879457","102523",188.65.126.234
"1687812895.713881832","105219",188.65.126.234
"1687812895.713884207","1240235",188.65.126.234
"1687812895.713886582","1241583",188.65.126.234
"1687812895.713898527","1242931",188.65.126.234
"1687812895.713902438","1244279",188.65.126.234
"1687812895.713904813","1245627",188.65.126.234
"1687812895.713907677","125439",188.65.126.234
"1687812895.714353678","130831",188.65.126.234
"1687812895.714360244","132179",188.65.126.234
"1687812895.714367928","140267",188.65.126.234
"1687812895.715063369","152399",188.65.126.234
"1687812895.715070075","157791",188.65.126.234
"1687812895.715077758","160487",188.65.126.234
"1687812895.715538009","184751",188.65.126.234
"1687812895.715544645","188795",188.65.126.234
"1687812895.715551281","199579",188.65.126.234
"1687812895.716151933","204971",188.65.126.234
"1687812895.716609320","1248323",188.65.126.234
"1687812895.716616585","1249671",188.65.126.234
"1687812895.716624199","1251019",188.65.126.234
"1687812895.716627970","1252367",188.65.126.234
"1687812895.717200123","227887",188.65.126.234
"1687812895.717338499","231931",188.65.126.234
"1687812895.717459132","233279",188.65.126.234
"1687812895.717602956","248107",188.65.126.234
"1687812895.718980776","253499",188.65.126.234
"1687812895.718985595","258891",188.65.126.234
"1687812895.719602034","268327",188.65.126.234
"1687812895.719608600","283155",188.65.126.234
"1687812895.719617192","285851",188.65.126.234
"1687812895.719620614","296635",188.65.126.234
"1687812895.720036929","306071",188.65.126.234
"1687812895.720044193","307419",188.65.126.234
"1687812895.720052645","312811",188.65.126.234
"1687812895.720056557","314159",188.65.126.234
"1687812895.720417130","319551",188.65.126.234
"1687812895.720770019","337075",188.65.126.234
"1687812895.720773372","345163",188.65.126.234
"1687812895.721375002","347859",188.65.126.234
"1687812895.721378844","350555",188.65.126.234
"1687812895.721785240","366731",188.65.126.234
"1687812895.721792365","374819",188.65.126.234
"1687812895.721801445","376167",188.65.126.234
"1687812895.722650699","380211",188.65.126.234
"1687812895.722657335","1253715",188.65.126.234
"1687812895.722660687","1255063",188.65.126.234
"1687812895.722669838","1256411",188.65.126.234
"1687812895.722674588","1257759",188.65.126.234
"1687812895.722676963","1259107",188.65.126.234
"1687812895.723052763","389647",188.65.126.234
"1687812895.723709227","393691",188.65.126.234
"1687812895.724626097","397735",188.65.126.234
"1687812895.724631685","409867",188.65.126.234
"1687812895.724634549","424695",188.65.126.234
"1687812895.724643210","442219",188.65.126.234
"1687812895.724647541","1260455",188.65.126.234
"1687812895.724794019","1261803",188.65.126.234
"1687812895.724799677","1263151",188.65.126.234
"1687812895.724802541","1264499",188.65.126.234
"1687812895.724808828","1265847",188.65.126.234
"1687812895.725400190","1267195",188.65.126.234
"1687812895.725406896","1268543",188.65.126.234
"1687812895.725410668","1269891",188.65.126.234
"1687812895.725418910","1271239",188.65.126.234
"1687812895.725422263","1272587",188.65.126.234
"1687812895.726183015","1273935",188.65.126.234
"1687812895.726185459","1275283",188.65.126.234
"1687812895.726187834","1276631",188.65.126.234
"1687812895.726192095","1277979",188.65.126.234
"1687812895.726194889","1279327",188.65.126.234
"1687812895.726878176","1283371",188.65.126.234
"1687812895.726881459","1284719",188.65.126.234
"1687812895.726884812","1286067",188.65.126.234
"1687812895.727572150","1288763",188.65.126.234
"1687812895.728078502","1290111",188.65.126.234
"1687812895.728081785","1291459",188.65.126.234
"1687812895.728553003","1294155",188.65.126.234
"1687812895.728561106","1295503",188.65.126.234
"1687812895.728570466","1296851",188.65.126.234
"1687812895.729125994","1298199",188.65.126.234
"1687812895.729277921","1299547",188.65.126.234
"1687812895.729284627","1300895",188.65.126.234
"1687812895.729287491","1302243",188.65.126.234
"1687812895.729839177","1303591",188.65.126.234
"1687812895.729964421","1304939",188.65.126.234
"1687812895.729967285","1306287",188.65.126.234
"1687812895.730582256","1307635",188.65.126.234
"1687812895.730588892","1308983",188.65.126.234
"1687812895.730596017","1310331",188.65.126.234
"1687812895.731304380","1311679",188.65.126.234
"1687812895.731307803","1313027",188.65.126.234
"1687812895.731311086","1314375",188.65.126.234
"1687812895.731776227","1317071",188.65.126.234
"1687812895.731960425","1318419",188.65.126.234
"1687812895.731965664","1319767",188.65.126.234
"1687812895.731969925","1321115",188.65.126.234
"1687812895.732456440","1322463",188.65.126.234
"1687812895.732459862","1323811",188.65.126.234
"1687812895.732954201","1325159",188.65.126.234
"1687812895.732959300","1326507",188.65.126.234
"1687812895.732966495","1327855",188.65.126.234
"1687812895.732969428","1329203",188.65.126.234
"1687812895.732972292","1330551",188.65.126.234
"1687812895.733567426","1331899",188.65.126.234
"1687812895.733571687","1333247",188.65.126.234
"1687812895.733965440","1334595",188.65.126.234
"1687812895.733971726","1335943",188.65.126.234
"1687812895.733977454","1337291",188.65.126.234
"1687812895.734483947","1338639",188.65.126.234
"1687812895.734487299","1339987",188.65.126.234
"1687812895.734886500","1341335",188.65.126.234
"1687812895.734891879","1342683",188.65.126.234
"1687812895.734899004","1344031",188.65.126.234
"1687812895.735391805","1345379",188.65.126.234
"1687812895.735396066","1346727",188.65.126.234
"1687812895.735800157","1348075",188.65.126.234
"1687812895.735807212","1349423",188.65.126.234
"1687812895.735814825","1350771",188.65.126.234
"1687812895.736294076","1352119",188.65.126.234
"1687812895.736297499","1353467",188.65.126.234
"1687812895.736699703","1354815",188.65.126.234
"1687812895.736710111","1357511",188.65.126.234
"1687812895.737176858","451655",188.65.126.234
"1687812895.737319914","1358859",188.65.126.234
"1687812895.737323825","1360207",188.65.126.234
"1687812895.737668472","1361555",188.65.126.234
"1687812895.738711913","1364251",188.65.126.234
"1687812895.740816047","1366947",188.65.126.234
"1687812895.740819400","1368295",188.65.126.234
"1687812895.740821775","1370991",188.65.126.234
"1687812895.740825616","1372339",188.65.126.234
"1687812895.740828899","1373687",188.65.126.234
"1687812895.740831274","1375035",188.65.126.234
"1687812895.741817367","1376383",188.65.126.234
"1687812895.741824561","1377731",188.65.126.234
"1687812895.741828892","1379079",188.65.126.234
"1687812895.741836157","1383123",188.65.126.234
"1687812895.741840487","1387167",188.65.126.234
"1687812895.742076655","1389863",188.65.126.234
"1687812895.742821131","1391211",188.65.126.234
"1687812895.742824484","1392559",188.65.126.234
"1687812895.742826440","1393907",188.65.126.234
"1687812895.742830771","1395255",188.65.126.234
"1687812895.743495547","1396603",188.65.126.234
"1687812895.743511403","1397951",188.65.126.234
"1687812895.743515245","1399299",188.65.126.234
"1687812895.743517550","1400647",188.65.126.234
"1687812895.743521322","1401995",188.65.126.234
"1687812895.744203700","1404691",188.65.126.234
"1687812895.744213270","1407387",188.65.126.234
"1687812895.744217880","1408735",188.65.126.234
"1687812895.744728704","1410083",188.65.126.234
"1687812895.744735759","1412779",188.65.126.234
"1687812895.744743791","1414127",188.65.126.234
"1687812895.744748611","1415475",188.65.126.234
"1687812895.745739663","1416823",188.65.126.234
"1687812895.746270813","1419519",188.65.126.234
"1687812895.746274655","1420867",188.65.126.234
"1687812895.746277030","1422215",188.65.126.234
"1687812895.747716807","1423563",188.65.126.234
"1687812895.747719252","1424911",188.65.126.234
"1687812895.747721138","1426259",188.65.126.234
"1687812895.748508293","1427607",188.65.126.234
"1687812895.748514371","1428955",188.65.126.234
"1687812895.748517723","1430303",188.65.126.234
"1687812895.748528341","1431651",188.65.126.234
"1687812895.748531694","1432999",188.65.126.234
"1687812895.748534069","1435695",188.65.126.234
"1687812895.748537841","1437043",188.65.126.234
"1687812895.748540705","1438391",188.65.126.234
"1687812895.750253880","1441087",188.65.126.234
"1687812895.750261983","1442435",188.65.126.234
"1687812895.750271343","1443783",188.65.126.234
"1687812895.750275255","1446479",188.65.126.234
"1687812895.751010301","1447827",188.65.126.234
"1687812895.751016518","1449175",188.65.126.234
"1687812895.751019452","1450523",188.65.126.234
"1687812895.751031326","1451871",188.65.126.234
"1687812895.751034609","1455915",188.65.126.234
"1687812895.751036914","1457263",188.65.126.234
"1687812895.751040756","1458611",188.65.126.234
"1687812895.751043201","1459959",188.65.126.234
"1687812895.751677661","1461307",188.65.126.234
"1687812895.751684297","1462655",188.65.126.234
"1687812895.751687580","1464003",188.65.126.234
"1687812895.751694845","1465351",188.65.126.234
"1687812895.751698687","1466699",188.65.126.234
"1687812895.752567708","1468047",188.65.126.234
"1687812895.752570991","1469395",188.65.126.234
"1687812895.753221378","1470743",188.65.126.234
"1687812895.753226686","1472091",188.65.126.234
"1687812895.753232903","1473439",188.65.126.234
"1687812895.754098711","1474787",188.65.126.234
"1687812895.754105347","1476135",188.65.126.234
"1687812895.754108211","1477483",188.65.126.234
"1687812895.754114847","1478831",188.65.126.234
"1687812895.754118619","1480179",188.65.126.234
"1687812895.760271969","1481527",188.65.126.234
"1687812895.760756249","458395",188.65.126.234
"1687812895.761220621","1482875",188.65.126.234
"1687812895.761625759","1485571",188.65.126.234
"1687812895.761628973","469179",188.65.126.234
"1687812895.761985774","473223",188.65.126.234
"1687812895.762548916","1486919",188.65.126.234
"1687812895.762555482","1488267",188.65.126.234
"1687812895.762558904","1489615",188.65.126.234
"1687812895.762565959","1490963",188.65.126.234
"1687812895.762923878","478615",188.65.126.234
"1687812895.763074827","497487",188.65.126.234
"1687812895.763411371","501531",188.65.126.234
"1687812895.763415143","508271",188.65.126.234
"1687812895.763776345","513663",188.65.126.234
"1687812895.763779139","519055",188.65.126.234
"1687812895.764126300","533883",188.65.126.234
"1687812895.764776547","551407",188.65.126.234
"1687812895.765590875","556799",188.65.126.234
"1687812895.765597441","563539",188.65.126.234
"1687812895.765607360","583759",188.65.126.234
"1687812895.765611621","594543",188.65.126.234
"1687812895.765614973","598587",188.65.126.234
"1687812895.766743004","603979",188.65.126.234
"1687812895.766746287","610719",188.65.126.234
"1687812895.767280441","634983",188.65.126.234
"1687812895.767287146","644419",188.65.126.234
"1687812895.767290918","648463",188.65.126.234
"1687812895.767299929","657899",188.65.126.234
"1687812895.767303212","659247",188.65.126.234
"1687812895.767306635","661943",188.65.126.234
"1687812895.767674053","691599",188.65.126.234
"1687812895.768221199","706427",188.65.126.234
"1687812895.768224971","715863",188.65.126.234
"1687812895.768227905","730691",188.65.126.234
"1687812895.768783922","744171",188.65.126.234
"1687812895.768787275","745519",188.65.126.234
"1687812895.768790628","753607",188.65.126.234
"1687812895.769164403","758999",188.65.126.234
"1687812895.769475731","764391",188.65.126.234
"1687812895.769649451","776523",188.65.126.234
"1687812895.770139040","790003",188.65.126.234
"1687812895.770143790","806179",188.65.126.234
"1687812895.770979422","827747",188.65.126.234
"1687812895.770981797","838531",188.65.126.234
"1687812895.770984172","839879",188.65.126.234
"1687812895.771595651","846619",188.65.126.234
"1687812895.771599074","852011",188.65.126.234
"1687812895.772011686","873579",188.65.126.234
"1687812895.772015598","874927",188.65.126.234
"1687812895.772636996","887059",188.65.126.234
"1687812895.772802614","891103",188.65.126.234
"1687812895.773243446","899191",188.65.126.234
"1687812895.773247148","900539",188.65.126.234
"1687812895.773854506","915367",188.65.126.234
"1687812895.774279063","922107",188.65.126.234
"1687812895.774286258","928847",188.65.126.234
"1687812895.774685878","939631",188.65.126.234
"1687812895.774689719","943675",188.65.126.234
"1687812895.775000349","949067",188.65.126.234
"1687812895.775003632","954459",188.65.126.234
"1687812895.775568171","958503",188.65.126.234
"1687812895.775571524","961199",188.65.126.234
"1687812895.775984485","963895",188.65.126.234
"1687812895.775990213","967939",188.65.126.234
"1687812895.775996849","973331",188.65.126.234
"1687812895.776463037","1493659",188.65.126.234
"1687812895.776655338","1495007",188.65.126.234
"1687812895.776660577","1496355",188.65.126.234
"1687812895.776667632","1497703",188.65.126.234
"1687812895.776963802","990855",188.65.126.234
"1687812895.777227351","1499051",188.65.126.234
"1687812895.777237899","1503095",188.65.126.234
"1687812895.777789096","1504443",188.65.126.234
"1687812895.777932571","996247",188.65.126.234
"1687812895.779268759","1505791",188.65.126.234
"1687812895.779274975","1507139",188.65.126.234
"1687812895.779283218","1508487",188.65.126.234
"1687812895.779286990","1509835",188.65.126.234
"1687812895.779310320","1511183",188.65.126.234
"1687812895.779792295","1001639",188.65.126.234
"1687812895.780730120","1008379",188.65.126.234
"1687812895.781511827","1015119",188.65.126.234
"1687812895.781902646","1512531",188.65.126.234
"1687812895.781915498","1515227",188.65.126.234
"1687812895.781922064","1516575",188.65.126.234
"1687812895.781924998","1517923",188.65.126.234
"1687812895.781934149","1519271",188.65.126.234
"1687812895.781938479","1520619",188.65.126.234
"1687812895.781941832","1521967",188.65.126.234
"1687812895.782714529","1523315",188.65.126.234
"1687812895.782718301","1524663",188.65.126.234
"1687812895.783552466","1526011",188.65.126.234
"1687812895.783716268","1528707",188.65.126.234
"1687812895.783722904","1530055",188.65.126.234
"1687812895.783725768","1531403",188.65.126.234
"1687812895.783737782","1532751",188.65.126.234
"1687812895.783741065","1534099",188.65.126.234
"1687812895.783744348","1535447",188.65.126.234
"1687812895.783749098","1536795",188.65.126.234
"1687812895.783752032","1538143",188.65.126.234
"1687812895.784331309","1539491",188.65.126.234
"1687812895.784337037","1540839",188.65.126.234
"1687812895.784340390","1542187",188.65.126.234
"1687812895.784348004","1543535",188.65.126.234
"1687812895.784352125","1544883",188.65.126.234
"1687812895.784981975","1546231",188.65.126.234
"1687812895.784991894","1548927",188.65.126.234
"1687812895.784995247","1550275",188.65.126.234
"1687812895.785710735","1552971",188.65.126.234
"1687812895.785714088","1554319",188.65.126.234
"1687812895.785716952","1555667",188.65.126.234
"1687812895.793569857","1557015",188.65.126.234
"1687812895.793573629","1558363",188.65.126.234
"1687812895.793577051","1559711",188.65.126.234
"1687812895.793580893","1561059",188.65.126.234
"1687812895.793583757","1562407",188.65.126.234
"1687812895.796160506","1563755",188.65.126.234
"1687812895.796173428","1570495",188.65.126.234
"1687812895.796180204","1571843",188.65.126.234
"1687812895.796184046","1574539",188.65.126.234
"1687812895.796195781","1575887",188.65.126.234
"1687812895.796199623","1577235",188.65.126.234
"1687812895.796205839","1578583",188.65.126.234
"1687812895.796209751","1579931",188.65.126.234
"1687812895.796213593","1581279",188.65.126.234
"1687812895.796226795","1582627",188.65.126.234
"1687812895.796230567","1029947",188.65.126.234
"1687812895.796234339","1586671",188.65.126.234
"1687812895.796238111","1588019",188.65.126.234
"1687812895.796241953","1589367",188.65.126.234
"1687812895.796245864","1035339",188.65.126.234
"1687812895.796249147","1038035",188.65.126.234
"1687812895.796253408","1047471",188.65.126.234
"1687812895.796257110","1051515",188.65.126.234
"1687812895.796269823","1064995",188.65.126.234
"1687812895.796275621","1067691",188.65.126.234
"1687812895.796279952","1074431",188.65.126.234
"1687812895.796283794","1079823",188.65.126.234
"1687812895.796288124","1087911",188.65.126.234
"1687812895.796291896","1090607",188.65.126.234
"1687812895.796295668","1094651",188.65.126.234
"1687812895.796299440","1105435",188.65.126.234
"1687812895.796303212","1592063",188.65.126.234
"1687812895.796309988","1596107",188.65.126.234
"1687812895.796897089","1597455",188.65.126.234
"1687812895.796903725","1598803",188.65.126.234
"1687812895.796907986","1600151",188.65.126.234
"1687812895.796911828","1602847",188.65.126.234
"1687812895.796916228","1604195",188.65.126.234
"1687812895.796923353","1605543",188.65.126.234
"1687812895.796927055","1609587",188.65.126.234
"1687812895.797379553","1612283",188.65.126.234
"1687812895.797385630","1613631",188.65.126.234
"1687812895.797393313","1614979",188.65.126.234
"1687812895.797397155","1616327",188.65.126.234
"1687812895.797859292","1136439",188.65.126.234
"1687812895.797863064","1137787",188.65.126.234
"1687812895.797865439","1139135",188.65.126.234
"1687812895.797869211","1140483",188.65.126.234
"1687812895.798298238","1617675",188.65.126.234
"1687812895.798301521","1619023",188.65.126.234
"1687812895.798738093","1151267",188.65.126.234
"1687812895.798742004","1152615",188.65.126.234
"1687812895.799304658","1621719",188.65.126.234
"1687812895.799309896","1623067",188.65.126.234
"1687812895.799315764","1625763",188.65.126.234
"1687812895.799455606","1627111",188.65.126.234
"1687812895.799927453","1156659",188.65.126.234
"1687812895.800317503","1158007",188.65.126.234
"1687812895.800321275","1159355",188.65.126.234
"1687812895.800623243","1162051",188.65.126.234
"1687812895.801461459","1628459",188.65.126.234
"1687812895.801467676","1629807",188.65.126.234
"1687812895.801476547","1631155",188.65.126.234
"1687812895.801480878","1632503",188.65.126.234
"1687812895.801483742","1633851",188.65.126.234
"1687812895.802093824","1636547",188.65.126.234
"1687812895.802097177","1637895",188.65.126.234
"1687812895.802099133","1639243",188.65.126.234
"1687812895.802102975","1640591",188.65.126.234
"1687812895.802729821","1641939",188.65.126.234
"1687812895.802904170","1643287",188.65.126.234
"1687812895.803293662","1644635",188.65.126.234
"1687812895.803296875","1645983",188.65.126.234
"1687812895.803449291","1647331",188.65.126.234
"1687812895.803595560","1195751",188.65.126.234
"1687812895.804094718","1648679",188.65.126.234
"1687812895.804150599","1650027",188.65.126.234
"1687812895.804156816","1651375",188.65.126.234
"1687812895.804158702","1652723",188.65.126.234
"1687812895.804165687","1654071",188.65.126.234
"1687812895.804683565","1202491",188.65.126.234
"1687812895.805039668","1205187",188.65.126.234
"1687812895.805601064","1655419",188.65.126.234
"1687812895.805606372","1656767",188.65.126.234
"1687812895.805617758","1658115",188.65.126.234
"1687812895.805625512","1659463",188.65.126.234
"1687812895.805630192","1660811",188.65.126.234
"1687812895.805636827","1662159",188.65.126.234
"1687812895.806463519","1211927",188.65.126.234
"1687812895.806466802","1663507",188.65.126.234
"1687812895.806469596","1666203",188.65.126.234
"1687812895.806883955","1668899",188.65.126.234
"1687812895.807745781","1671595",188.65.126.234
"1687812895.807751579","1672943",188.65.126.234
"1687812895.807756259","1674291",188.65.126.234
"1687812895.807759123","1675639",188.65.126.234
"1687812895.807762057","1676987",188.65.126.234
"1687812895.807769321","1678335",188.65.126.234
"1687812895.808378565","1679683",188.65.126.234
"1687812895.808383734","1681031",188.65.126.234
"1687812895.808387925","1682379",188.65.126.234
"1687812895.808395469","1683727",188.65.126.234
"1687812895.808398822","1685075",188.65.126.234
"1687812895.808806265","1686423",188.65.126.234
"1687812895.808809548","1687771",188.65.126.234
"1687812895.809712098","1689119",188.65.126.234
"1687812895.809717896","1690467",188.65.126.234
"1687812895.809720341","1691815",188.65.126.234
"1687812895.809726558","1693163",188.65.126.234
"1687812895.810300527","1694511",188.65.126.234
"1687812895.810307652","1695859",188.65.126.234
"1687812895.810317081","1698555",188.65.126.234
"1687812895.810321901","1699903",188.65.126.234
"1687812895.810324346","1701251",188.65.126.234
"1687812895.810730881","1224059",188.65.126.234
"1687812895.811378543","1705295",188.65.126.234
"1687812895.811509794","1706643",188.65.126.234
"1687812895.811516500","1707991",188.65.126.234
"1687812895.811524463","1709339",188.65.126.234
"1687812895.811872253","1236191",188.65.126.234
"1687812895.812091447","1710687",188.65.126.234
"1687812895.812094730","1712035",188.65.126.234
"1687812895.812098013","1713383",188.65.126.234
"1687812895.812501545","1716079",188.65.126.234
"1687812895.812504897","1717427",188.65.126.234
"1687812895.813901716","1720123",188.65.126.234
"1687812895.813908911","1721471",188.65.126.234
"1687812895.813917922","1724167",188.65.126.234
"1687812895.813921694","1725515",188.65.126.234
"1687812895.814573198","63431",188.65.126.234
"1687812895.814576551","117351",188.65.126.234
"1687812895.814579903","1726863",188.65.126.234
"1687812895.814769550","1728211",188.65.126.234
"1687812895.814777792","1732255",188.65.126.234
"1687812895.814798189","1733603",188.65.126.234
"1687812895.815126561","137571",188.65.126.234
"1687812895.815130402","138919",188.65.126.234
"1687812895.815687118","1734951",188.65.126.234
"1687812895.815691379","1736299",188.65.126.234
"1687812895.815701996","1737647",188.65.126.234
"1687812895.815706327","1738995",188.65.126.234
"1687812895.815709191","1741691",188.65.126.234
"1687812895.816048110","161835",188.65.126.234
"1687812895.816221342","1743039",188.65.126.234
"1687812895.816690813","1745735",188.65.126.234
"1687812895.816696122","1747083",188.65.126.234
"1687812895.816703247","1749779",188.65.126.234
"1687812895.817048522","198231",188.65.126.234
"1687812895.817199611","203623",188.65.126.234
"1687812895.818076525","1246975",188.65.126.234
"1687812895.818081205","1751127",188.65.126.234
"1687812895.818086374","1752475",188.65.126.234
"1687812895.818089727","1753823",188.65.126.234
"1687812895.818257231","1755171",188.65.126.234
"1687812895.819187233","1759215",188.65.126.234
"1687812895.819571066","1760563",188.65.126.234
"1687812895.819577842","1761911",188.65.126.234
"1687812895.819581194","1763259",188.65.126.234
"1687812895.819588249","1764607",188.65.126.234
"1687812895.820139587","1767303",188.65.126.234
"1687812895.820167737","1769999",188.65.126.234
"1687812895.820175351","1771347",188.65.126.234
"1687812895.820183104","1772695",188.65.126.234
"1687812895.820187365","1774043",188.65.126.234
"1687812895.821351369","264283",188.65.126.234
"1687812895.821357516","276415",188.65.126.234
"1687812895.821364641","287199",188.65.126.234
"1687812895.822947683","1775391",188.65.126.234
"1687812895.822954249","1778087",188.65.126.234
"1687812895.822967661","1780783",188.65.126.234
"1687812895.822974366","1782131",188.65.126.234
"1687812895.822977719","1783479",188.65.126.234
"1687812895.822980513","1784827",188.65.126.234
"1687812895.822983377","1786175",188.65.126.234
"1687812895.822990502","1787523",188.65.126.234
"1687812895.822993855","1790219",188.65.126.234
"1687812895.823834936","1791567",188.65.126.234
"1687812895.824686704","1792915",188.65.126.234
"1687812895.824710034","1794263",188.65.126.234
"1687812895.824718207","1798307",188.65.126.234
"1687812895.826030086","1799655",188.65.126.234
"1687812895.826033439","1801003",188.65.126.234
"1687812895.826173840","1802351",188.65.126.234
"1687812895.826180965","1803699",188.65.126.234
"1687812895.826189487","1805047",188.65.126.234
"1687812895.826192840","1806395",188.65.126.234
"1687812895.826378226","1807743",188.65.126.234
"1687812895.826382487","1809091",188.65.126.234
"1687812895.826395479","1810439",188.65.126.234
"1687812895.826401696","1811787",188.65.126.234
"1687812895.826404001","1813135",188.65.126.234
"1687812895.826411615","1814483",188.65.126.234
"1687812895.827785103","1815831",188.65.126.234
"1687812895.827789783","1817179",188.65.126.234
"1687812895.827792647","1818527",188.65.126.234
"1687812895.827821775","1819875",188.65.126.234
"1687812895.827826525","1822571",188.65.126.234
"1687812895.827830436","1825267",188.65.126.234
"1687812895.827832881","1826615",188.65.126.234
"1687812895.827836723","1827963",188.65.126.234
"1687812895.827842800","1829311",188.65.126.234
"1687812895.829833006","1833355",188.65.126.234
"1687812895.829840061","1834703",188.65.126.234
"1687812895.829843414","1836051",188.65.126.234
"1687812895.829846348","1837399",188.65.126.234
"1687812895.829849212","1838747",188.65.126.234
"1687812895.829852635","1840095",188.65.126.234
"1687812895.829855499","1842791",188.65.126.234
"1687812895.829863112","1845487",188.65.126.234
"1687812895.829866395","1846835",188.65.126.234
"1687812895.831157249","1280675",188.65.126.234
"1687812895.831164025","1282023",188.65.126.234
"1687812895.831166889","1848183",188.65.126.234
"1687812895.831171150","1850879",188.65.126.234
"1687812895.831174014","1852227",188.65.126.234
"1687812895.831187775","1853575",188.65.126.234
"1687812895.831191686","1854923",188.65.126.234
"1687812895.831194061","1292807",188.65.126.234
"1687812895.831197414","1856271",188.65.126.234
"1687812895.831200278","1857619",188.65.126.234
"1687812895.831203072","1860315",188.65.126.234
"1687812895.831205936","1861663",188.65.126.234
