frame.time_epoch,tcp.seq
"1686855130.039908544","1"
"1686855130.041748461","2697"
"1686855130.041750916","4045"
"1686855130.042694489","4294917421"
"1686855130.047427803","5393"
"1686855130.047431961","6741"
"1686855130.048692108","8089"
"1686855130.048700715","9437"
"1686855130.048704131","10785"
"1686855130.048706245","13481"
"1686855130.048708940","14829"
"1686855130.048711134","4294926857"
"1686855130.048714190","16177"
"1686855130.048716354","17525"
"1686855130.049040042","18873"
"1686855130.049042848","20221"
"1686855130.049792166","4294932249"
"1686855130.050341858","21569"
"1686855130.050345355","22917"
"1686855130.051398364","24265"
"1686855130.051403032","25613"
"1686855130.052448577","26961"
"1686855130.052452575","28309"
"1686855130.053477591","29657"
"1686855130.053480957","31005"
"1686855130.054741997","32353"
"1686855130.054745914","33701"
"1686855130.055768596","36397"
"1686855130.056586823","37745"
"1686855130.056591031","39093"
"1686855130.057572956","40441"
"1686855130.058673254","43137"
"1686855130.058675658","44485"
"1686855130.059584476","4294944381"
"1686855130.060122527","45833"
"1686855130.060126234","47181"
"1686855130.061149767","48529"
"1686855130.061308435","49877"
"1686855130.062173972","51225"
"1686855130.062176256","52573"
"1686855130.063197615","53921"
"1686855130.063200200","55269"
"1686855130.064374477","57965"
"1686855130.065228111","59313"
"1686855130.065232379","60661"
"1686855130.066276601","4294960557"
"1686855130.066771992","62009"
"1686855130.066776069","63357"
"1686855130.068690126","64705"
"1686855130.068825240","66053"
"1686855130.069302036","4294964601"
"1686855130.069696617","4294860805"
"1686855130.071633958","67401"
"1686855130.073141690","70097"
"1686855130.075070985","72793"
"1686855130.075074692","74141"
"1686855130.076628402","12133"
"1686855130.077579279","75489"
"1686855130.077582114","76837"
"1686855130.080864782","80881"
"1686855130.081020775","82229"
"1686855130.082219828","83577"
"1686855130.082222413","84925"
"1686855130.083469106","86273"
"1686855130.083471571","87621"
"1686855130.084717832","88969"
"1686855130.084720227","90317"
"1686855130.086018106","35049"
"1686855130.086654231","41789"
"1686855130.087519817","91665"
"1686855130.089089337","94361"
"1686855130.089094667","95709"
"1686855130.089937801","97057"
"1686855130.089940747","98405"
"1686855130.091251600","99753"
"1686855130.091255497","101101"
"1686855130.092706624","102449"
"1686855130.092709379","103797"
"1686855130.093843560","56617"
"1686855130.094484795","106493"
"1686855130.095583560","107841"
"1686855130.095588148","109189"
"1686855130.096807149","110537"
"1686855130.096809213","111885"
"1686855130.097984682","113233"
"1686855130.099131577","1349"
"1686855130.099740090","115929"
"1686855130.101879921","118625"
"1686855130.101883698","119973"
"1686855130.102658304","121321"
"1686855130.102821150","122669"
"1686855130.103792575","71445"
"1686855130.104429001","124017"
"1686855130.104432638","125365"
"1686855130.105523407","126713"
"1686855130.106768898","129409"
"1686855130.106771473","130757"
"1686855130.107994460","132105"
"1686855130.107997757","133453"
"1686855130.109103354","79533"
"1686855130.111419866","137497"
"1686855130.111423744","138845"
"1686855130.112615964","140193"
"1686855130.112619941","141541"
"1686855130.113786533","144237"
"1686855130.114976670","145585"
"1686855130.114980617","146933"
"1686855130.116197774","149629"
"1686855130.117266362","150977"
"1686855130.117269388","152325"
"1686855130.119064251","153673"
"1686855130.119067837","155021"
"1686855130.120138890","156369"
"1686855130.120256441","157717"
"1686855130.121371686","159065"
"1686855130.122553297","163109"
"1686855130.123699420","164457"
"1686855130.123702927","165805"
"1686855130.124899305","168501"
"1686855130.126233192","169849"
"1686855130.126236708","171197"
"1686855130.127214385","105145"
"1686855130.127788143","114581"
"1686855130.128424339","172545"
"1686855130.128428547","173893"
"1686855130.129577967","175241"
"1686855130.129582014","176589"
"1686855130.130940837","68749"
"1686855130.131534102","117277"
"1686855130.131932711","177937"
"1686855130.131935416","179285"
"1686855130.134270715","183329"
"1686855130.134275033","184677"
"1686855130.135423751","186025"
"1686855130.135427338","187373"
"1686855130.136615941","188721"
"1686855130.136620109","190069"
"1686855130.137758709","78185"
"1686855130.138406175","128061"
"1686855130.138940169","191417"
"1686855130.138942724","192765"
"1686855130.140133651","134801"
"1686855130.141297629","194113"
"1686855130.141302688","195461"
"1686855130.142462037","196809"
"1686855130.142466785","198157"
"1686855130.143627246","199505"
"1686855130.143629651","200853"
"1686855130.144805921","202201"
"1686855130.144809748","203549"
"1686855130.149906825","204897"
"1686855130.149909851","206245"
"1686855130.150541848","142889"
"1686855130.150545996","148281"
"1686855130.150547659","207593"
"1686855130.150549433","208941"
"1686855130.150551997","93013"
"1686855130.150660932","211637"
"1686855130.151147436","160413"
"1686855130.151734449","161761"
"1686855130.152366617","212985"
"1686855130.153559599","167153"
"1686855130.154452126","215681"
"1686855130.154456454","217029"
"1686855130.155288207","218377"
"1686855130.155291944","219725"
"1686855130.156524470","221073"
"1686855130.156527766","222421"
"1686855130.158191192","223769"
"1686855130.158352615","225117"
"1686855130.158835863","226465"
"1686855130.158839370","227813"
"1686855130.160012805","229161"
"1686855130.160016331","230509"
"1686855130.163195145","234553"
"1686855130.163347942","235901"
"1686855130.163710453","237249"
"1686855130.163715092","238597"
"1686855130.164696255","239945"
"1686855130.165845545","180633"
"1686855130.165849472","181981"
"1686855130.167060097","242641"
"1686855130.168163831","245337"
"1686855130.168167548","246685"
"1686855130.170641246","248033"
"1686855130.170643771","249381"
"1686855130.170951599","136149"
"1686855130.171687833","252077"
"1686855130.172304151","253425"
"1686855130.172306455","254773"
"1686855130.173495169","257469"
"1686855130.174601207","258817"
"1686855130.175788188","261513"
"1686855130.177686966","210289"
"1686855130.191461819","231857"
"1686855130.194263984","241293"
"1686855130.195980409","243989"
"1686855130.198882443","250729"
"1686855130.201149052","256121"
"1686855130.203676431","260165"
"1686855130.218532376","214333"
"1686855130.221066037","233205"
"1686855130.246454132","262861"
"1686855131.514207844","1"
"1686855131.517720544","1"
"1686855131.517724912","1349"
"1686855131.518167604","2697"
"1686855131.518170169","4045"
"1686855131.544771785","5393"
"1686855131.544777005","6741"
"1686855131.544779139","8089"
"1686855131.545063734","9437"
"1686855131.571303911","10785"
"1686855131.571778633","12133"
"1686855131.571904219","13481"
"1686855131.606601929","263401"
"1686855131.606639810","263401"
"1686855131.607099023","263641"
"1686855131.607110925","264989"
"1686855131.607958818","266337"
"1686855131.607963006","267685"
"1686855131.609116073","269033"
"1686855131.609120061","270381"
"1686855131.610271695","271729"
"1686855131.610274170","273077"
"1686855131.611453225","274425"
"1686855131.611455670","275773"
"1686855131.612623384","277121"
"1686855131.612626710","278469"
"1686855131.613807229","279817"
"1686855131.613811567","281165"
"1686855131.615014457","282513"
"1686855131.615018144","283861"
"1686855131.616134351","285209"
"1686855131.616138509","286557"
"1686855131.617296485","287905"
"1686855131.617299741","289253"
"1686855131.618457517","290601"
"1686855131.618461394","291949"
"1686855131.619636703","293297"
"1686855131.619639748","294645"
"1686855131.620814045","295993"
"1686855131.620817091","297341"
"1686855131.622046661","298689"
"1686855131.622050829","300037"
"1686855131.623211961","301385"
"1686855131.623215567","302733"
"1686855131.624337736","304081"
"1686855131.625509508","306777"
"1686855131.626685077","309473"
"1686855131.626691519","310821"
"1686855131.627873069","312169"
"1686855131.627879000","313517"
"1686855131.629025465","314865"
"1686855131.629028150","316213"
"1686855131.630207345","317561"
"1686855131.630211032","318909"
"1686855131.631401990","320257"
"1686855131.631404435","321605"
"1686855131.632543946","322953"
"1686855131.632548274","324301"
"1686855131.633703355","325649"
"1686855131.633706821","326997"
"1686855131.634703274","328345"
"1686855131.634705678","329693"
"1686855131.635570663","331041"
"1686855131.635575593","332389"
"1686855131.636520588","333737"
"1686855131.636524225","335085"
"1686855131.637401243","336433"
"1686855131.637404129","337781"
"1686855131.639462877","339129"
"1686855131.639612679","340477"
"1686855131.640093923","341825"
"1686855131.640096388","343173"
"1686855131.640462806","344521"
"1686855131.640465932","345869"
"1686855131.641233825","347217"
"1686855131.641240137","348565"
"1686855131.643016875","349913"
"1686855131.643594391","353957"
"1686855131.644002357","356653"
"1686855131.644940931","358001"
"1686855131.644944708","359349"
"1686855131.645818350","362045"
"1686855131.646772292","363393"
"1686855131.646776189","364741"
"1686855131.647751943","366089"
"1686855131.647756602","367437"
"1686855131.648696889","368785"
"1686855131.649666901","371481"
"1686855131.649670017","372829"
"1686855131.650592741","374177"
"1686855131.650596899","375525"
"1686855131.651470701","376873"
"1686855131.651473155","378221"
"1686855131.652426587","379569"
"1686855131.653356234","382265"
"1686855131.653358348","383613"
"1686855131.654314925","384961"
"1686855131.654320325","386309"
"1686855131.655279718","305429"
"1686855131.656756473","308125"
"1686855131.657067998","387657"
"1686855131.657592023","389005"
"1686855131.657594578","390353"
"1686855131.659301255","391701"
"1686855131.659304020","393049"
"1686855131.660746270","394397"
"1686855131.661491701","395745"
"1686855131.661495808","397093"
"1686855131.663034810","398441"
"1686855131.663199279","399789"
"1686855131.664694419","401137"
"1686855131.664698306","402485"
"1686855131.665769590","405181"
"1686855131.667001244","406529"
"1686855131.667154582","407877"
"1686855131.668625697","409225"
"1686855131.668628482","410573"
"1686855131.670415851","411921"
"1686855131.670419708","413269"
"1686855131.670767521","414617"
"1686855131.670770547","415965"
"1686855131.671626696","417313"
"1686855131.671629000","418661"
"1686855131.672807595","351261"
"1686855131.673372807","352609"
"1686855131.673928000","355305"
"1686855131.674521215","360697"
"1686855131.675142562","420009"
"1686855131.676462763","422705"
"1686855131.676467322","424053"
"1686855131.677660574","425401"
"1686855131.677664171","426749"
"1686855131.678605429","370133"
"1686855131.679231025","428097"
"1686855131.679233319","429445"
"1686855131.680506982","430793"
"1686855131.680511170","432141"
"1686855131.681570491","433489"
"1686855131.682720822","436185"
"1686855131.682724058","437533"
"1686855131.683798017","380917"
"1686855131.684397673","438881"
"1686855131.684401671","440229"
"1686855131.685523739","441577"
"1686855131.685528047","442925"
"1686855131.686657139","444273"
"1686855131.686661056","445621"
"1686855131.687807200","446969"
"1686855131.687820094","448317"
"1686855131.689141377","449665"
"1686855131.689145024","451013"
"1686855131.690307258","452361"
"1686855131.690311045","453709"
"1686855131.691188213","455057"
"1686855131.691191299","456405"
"1686855131.692253715","457753"
"1686855131.692256541","459101"
"1686855131.693437339","460449"
"1686855131.693441517","461797"
"1686855131.694514003","463145"
"1686855131.694517359","464493"
"1686855131.695674473","465841"
"1686855131.695677359","467189"
"1686855131.696857216","468537"
"1686855131.697170715","469885"
"1686855131.697925343","471233"
"1686855131.697928709","472581"
"1686855131.699047311","475277"
"1686855131.700131909","403833"
"1686855131.700736184","477973"
"1686855131.701850158","479321"
"1686855131.701853664","480669"
"1686855131.702998375","482017"
"1686855131.703002493","483365"
"1686855131.704105335","484713"
"1686855131.704109062","486061"
"1686855131.705197177","421357"
"1686855131.705883867","487409"
"1686855131.706878977","490105"
"1686855131.706882995","491453"
"1686855131.708043966","492801"
"1686855131.708047463","494149"
"1686855131.709167588","495497"
"1686855131.710301709","498193"
"1686855131.710305506","499541"
"1686855131.711352523","434837"
"1686855131.711943634","502237"
"1686855131.713081011","503585"
"1686855131.713085980","504933"
"1686855131.714197609","506281"
"1686855131.715354503","510325"
"1686855131.716479207","511673"
"1686855131.717599391","514369"
"1686855131.717604251","515717"
"1686855131.718735907","517065"
"1686855131.718740265","518413"
"1686855131.719775260","519761"
"1686855131.719779729","521109"
"1686855131.720934098","523805"
"1686855131.722896095","525153"
"1686855131.722900183","526501"
"1686855131.724844065","527849"
"1686855131.724849175","529197"
"1686855131.724852091","530545"
"1686855131.724853974","531893"
"1686855131.725498686","533241"
"1686855131.725503054","534589"
"1686855131.726553367","535937"
"1686855131.726555742","537285"
"1686855131.728469558","473929"
"1686855131.728655567","538633"
"1686855131.728657722","539981"
"1686855131.729317672","476625"
"1686855131.729976840","541329"
"1686855131.729980277","542677"
"1686855131.731021603","545373"
"1686855131.732495854","546721"
"1686855131.732500633","548069"
"1686855131.733381348","549417"
"1686855131.733385836","550765"
"1686855131.734477447","552113"
"1686855131.735630334","488757"
"1686855131.736071623","556157"
"1686855131.737196396","557505"
"1686855131.737199332","558853"
"1686855131.738361345","560201"
"1686855131.739841627","496845"
"1686855131.739973184","500889"
"1686855131.740574454","562897"
"1686855131.740577309","564245"
"1686855131.741683828","565593"
"1686855131.741687826","566941"
"1686855131.742823500","568289"
"1686855131.743900434","570985"
"1686855131.743905172","572333"
"1686855131.745091031","507629"
"1686855131.746281468","508977"
"1686855131.747445826","573681"
"1686855131.747975210","576377"
"1686855131.747977434","577725"
"1686855131.748971623","579073"
"1686855131.750116103","581769"
"1686855131.751794527","522457"
"1686855131.751797593","584465"
"1686855131.751799907","585813"
"1686855131.753511543","587161"
"1686855131.753515681","588509"
"1686855131.754188485","589857"
"1686855131.754542621","591205"
"1686855131.755951608","592553"
"1686855131.756785776","595249"
"1686855131.756790405","596597"
"1686855131.757403988","597945"
"1686855131.757406372","599293"
"1686855131.758607419","601989"
"1686855131.759676087","603337"
"1686855131.760852938","606033"
"1686855131.760856625","607381"
"1686855131.762093289","608729"
"1686855131.762095904","610077"
"1686855131.763629656","553461"
"1686855131.764096082","554809"
"1686855131.764951039","611425"
"1686855131.764953403","612773"
"1686855131.765855979","614121"
"1686855131.765859266","615469"
"1686855131.766921692","561549"
"1686855131.767717137","616817"
"1686855131.767721705","618165"
"1686855131.768704993","619513"
"1686855131.768707147","620861"
"1686855131.769743865","622209"
"1686855131.769748013","623557"
"1686855131.770872566","624905"
"1686855131.771962374","569637"
"1686855131.772591055","627601"
"1686855131.772594271","628949"
"1686855131.773640287","630297"
"1686855131.773644505","631645"
"1686855131.774795718","632993"
"1686855131.774800176","634341"
"1686855131.775881879","513021"
"1686855131.776440008","575029"
"1686855131.777064101","635689"
"1686855131.777067327","637037"
"1686855131.778251191","638385"
"1686855131.778254978","639733"
"1686855131.779248976","580421"
"1686855131.779807716","583117"
"1686855131.780855405","641081"
"1686855131.780860575","642429"
"1686855131.781514954","643777"
"1686855131.781518471","645125"
"1686855131.783938118","646473"
"1686855131.784081848","647821"
"1686855131.784449739","649169"
"1686855131.784453496","650517"
"1686855131.785166676","651865"
"1686855131.785172918","653213"
"1686855131.785930141","593901"
"1686855131.786520821","654561"
"1686855131.786526582","655909"
"1686855131.788244440","657257"
"1686855131.788248507","658605"
"1686855131.789692340","604685"
"1686855131.790081401","659953"
"1686855131.790087703","661301"
"1686855131.791078605","662649"
"1686855131.792430936","663997"
"1686855131.794123717","665345"
"1686855131.794129037","668041"
"1686855131.795665945","672085"
"1686855131.796095602","673433"
"1686855131.796098989","674781"
"1686855131.798364897","676129"
"1686855131.798368884","677477"
"1686855131.798767343","680173"
"1686855131.799495381","681521"
"1686855131.799837524","682869"
"1686855131.800705805","684217"
"1686855131.800712608","685565"
"1686855131.802138297","686913"
"1686855131.802437930","688261"
"1686855131.802848612","689609"
"1686855131.802851728","690957"
"1686855131.806110701","626253"
"1686855131.806118686","692305"
"1686855131.806121111","693653"
"1686855131.806123666","695001"
"1686855131.806126641","696349"
"1686855131.807172597","697697"
"1686855131.807180472","699045"
"1686855131.808041880","700393"
"1686855131.808049705","701741"
"1686855131.810474992","703089"
"1686855131.810988297","705785"
"1686855131.810992264","707133"
"1686855131.811348193","708481"
"1686855131.811353242","709829"
"1686855131.812356287","711177"
"1686855131.812362058","712525"
"1686855131.815086257","713873"
"1686855131.815762558","716569"
"1686855131.815769190","717917"
"1686855131.816577900","719265"
"1686855131.816582358","720613"
"1686855131.816977601","721961"
"1686855131.816981528","723309"
"1686855131.817997347","724657"
"1686855131.818001505","726005"
"1686855131.819221327","728701"
"1686855131.820877920","730049"
"1686855131.820882458","731397"
"1686855131.821327986","600641"
"1686855131.822237555","732745"
"1686855131.822627467","734093"
"1686855131.824175306","735441"
"1686855131.824181047","736789"
"1686855131.825409645","738137"
"1686855131.825414094","739485"
"1686855131.825784349","740833"
"1686855131.825947887","742181"
"1686855131.826489324","743529"
"1686855131.826492971","744877"
"1686855131.828074773","746225"
"1686855131.828080133","747573"
"1686855131.828662748","544025"
"1686855131.829292802","666693"
"1686855131.830390515","669389"
"1686855131.830394302","670737"
"1686855131.830472148","748921"
"1686855131.830476075","750269"
"1686855131.831416953","751617"
"1686855131.832429847","754313"
"1686855131.832435698","755661"
"1686855131.833478267","758357"
"1686855131.834068456","759705"
"1686855131.834070751","761053"
"1686855131.834977735","762401"
"1686855131.834982063","763749"
"1686855131.835833583","765097"
"1686855131.835837871","766445"
"1686855131.836748302","767793"
"1686855131.836752089","769141"
"1686855131.837655266","770489"
"1686855131.837657390","771837"
"1686855131.838539157","773185"
"1686855131.838543365","774533"
"1686855131.839458224","775881"
"1686855131.839467562","777229"
"1686855131.840329772","779925"
"1686855131.841144242","678825"
"1686855131.841722249","704437"
"1686855131.842228630","781273"
"1686855131.842234090","782621"
"1686855131.843050615","783969"
"1686855131.843056676","785317"
"1686855131.843946738","788013"
"1686855131.845077483","715221"
"1686855131.845242844","789361"
"1686855131.845247974","790709"
"1686855131.847126503","794753"
"1686855131.847285983","796101"
"1686855131.847901329","727353"
"1686855131.849495174","800145"
"1686855131.849499673","801493"
"1686855131.850190621","804189"
"1686855131.851115339","805537"
"1686855131.851118986","806885"
"1686855131.851992908","808233"
"1686855131.851997146","809581"
"1686855131.852916704","810929"
"1686855131.852920431","812277"
"1686855131.853769446","813625"
"1686855131.854717588","816321"
"1686855131.854721274","817669"
"1686855131.856200244","819017"
"1686855131.856203430","820365"
"1686855131.857702546","821713"
"1686855131.859222463","824409"
"1686855131.859226670","825757"
"1686855131.860797312","827105"
"1686855131.860800638","828453"
"1686855131.862164240","752965"
"1686855131.862902878","757009"
"1686855131.863703793","829801"
"1686855131.863708372","831149"
"1686855131.865369914","833845"
"1686855131.866679324","836541"
"1686855131.867823945","837889"
"1686855131.867826370","839237"
"1686855131.868897422","778577"
"1686855131.869498231","840585"
"1686855131.869502449","841933"
"1686855131.871732530","845977"
"1686855131.871734984","847325"
"1686855131.872771752","786665"
"1686855131.873404061","848673"
"1686855131.874579459","851369"
"1686855131.875687461","854065"
"1686855131.875691519","855413"
"1686855131.876674957","792057"
"1686855131.877762841","797449"
"1686855131.878867076","856761"
"1686855131.878870983","858109"
"1686855131.879934281","802841"
"1686855131.880499373","859457"
"1686855131.880503411","860805"
"1686855131.881553063","862153"
"1686855131.881555778","863501"
"1686855131.882670333","864849"
"1686855131.882674681","866197"
"1686855131.883723101","814973"
"1686855131.884305926","867545"
"1686855131.885420941","868893"
"1686855131.885598635","871589"
"1686855131.886448432","872937"
"1686855131.888133458","876981"
"1686855131.889183542","878329"
"1686855131.889187048","879677"
"1686855131.890330677","881025"
"1686855131.890334985","882373"
"1686855131.891474818","883721"
"1686855131.892475087","886417"
"1686855131.892479155","887765"
"1686855131.893549887","889113"
"1686855131.893553904","890461"
"1686855131.894504741","832497"
"1686855131.895696049","893157"
"1686855131.896773073","894505"
"1686855131.896775628","895853"
"1686855131.897877529","897201"
"1686855131.897882598","898549"
"1686855131.898975362","899897"
"1686855131.900099243","902593"
"1686855131.900101468","903941"
"1686855131.901236360","905289"
"1686855131.901240488","906637"
"1686855131.902214218","907985"
"1686855131.902216402","909333"
"1686855131.903363507","843281"
"1686855131.904341284","850021"
"1686855131.904980926","793405"
"1686855131.905521522","852717"
"1686855131.906002466","910681"
"1686855131.906006353","912029"
"1686855131.907698302","913377"
"1686855131.907702450","914725"
"1686855131.908740220","916073"
"1686855131.908742645","917421"
"1686855131.909825991","920117"
"1686855131.910883397","921465"
"1686855131.910886694","922813"
"1686855131.911979227","924161"
"1686855131.911982803","925509"
"1686855131.913091927","926857"
"1686855131.913096135","928205"
"1686855131.914145888","929553"
"1686855131.915258919","870241"
"1686855131.915780189","933597"
"1686855131.917002105","934945"
"1686855131.917005922","936293"
"1686855131.918232437","823061"
"1686855131.918388921","874285"
"1686855131.919114454","875633"
"1686855131.920736322","940337"
"1686855131.920740049","941685"
"1686855131.921733505","885069"
"1686855131.922293448","944381"
"1686855131.923377084","945729"
"1686855131.924973574","891809"
"1686855131.925550698","948425"
"1686855131.925553814","949773"
"1686855131.926705117","951121"
"1686855131.926707652","952469"
"1686855131.927811837","953817"
"1686855131.927815714","955165"
"1686855131.928801827","901245"
"1686855131.929349006","956513"
"1686855131.929352492","957861"
"1686855131.930435076","959209"
"1686855131.930438954","960557"
"1686855131.931535434","961905"
"1686855131.931537588","963253"
"1686855131.932604262","964601"
"1686855131.932607028","965949"
"1686855131.934111875","967297"
"1686855131.934747309","844629"
"1686855131.935283547","969993"
"1686855131.935287705","971341"
"1686855131.936528536","972689"
"1686855131.936530760","974037"
"1686855131.937543453","975385"
"1686855131.937699206","976733"
"1686855131.938584059","978081"
"1686855131.938586363","979429"
"1686855131.939688173","980777"
"1686855131.939692552","982125"
"1686855131.940726495","798797"
"1686855131.941271619","918769"
"1686855131.941827774","983473"
"1686855131.941830589","984821"
"1686855131.942937950","986169"
"1686855131.944014884","988865"
"1686855131.944017238","990213"
"1686855131.945066119","930901"
"1686855131.945647281","991561"
"1686855131.946707684","994257"
"1686855131.946711221","995605"
"1686855131.947827629","996953"
"1686855131.947831386","998301"
"1686855131.948863666","932249"
"1686855131.949426744","937641"
"1686855131.949428928","938989"
"1686855131.950522292","999649"
"1686855131.950524416","1000997"
"1686855131.951605748","1002345"
"1686855131.951609315","1003693"
"1686855131.952713991","1005041"
"1686855131.952717527","1006389"
"1686855131.953761549","835193"
"1686855131.954254776","943033"
"1686855131.954919505","947077"
"1686855131.955474989","1007737"
"1686855131.955477433","1009085"
"1686855131.956526565","1011781"
"1686855131.957597106","1013129"
"1686855131.958694148","1015825"
"1686855131.958697314","1017173"
"1686855131.959727319","1018521"
"1686855131.959731818","1019869"
"1686855131.960861400","1021217"
"1686855131.960864847","1022565"
"1686855131.961942652","1025261"
"1686855131.963004106","1026609"
"1686855131.964101048","1029305"
"1686855131.965171469","1032001"
"1686855131.966303466","1034697"
"1686855131.966314387","1036045"
"1686855131.967380841","1037393"
"1686855131.967384638","1038741"
"1686855131.968987219","1040089"
"1686855131.968990756","1041437"
"1686855131.971422766","1045481"
"1686855131.971426352","1046829"
"1686855131.972294383","987517"
"1686855131.973009728","1048177"
"1686855131.973013394","1049525"
"1686855131.973864824","1050873"
"1686855131.975002753","992909"
"1686855131.975643316","1053569"
"1686855131.975645320","1054917"
"1686855131.976587631","1057613"
"1686855131.977720229","1058961"
"1686855131.977723826","1060309"
"1686855131.978742440","1061657"
"1686855131.978745916","1063005"
"1686855131.979889535","1064353"
"1686855131.979892821","1065701"
"1686855131.980924851","1067049"
"1686855131.980927636","1068397"
"1686855131.982195929","1069745"
"1686855131.983072656","1072441"
"1686855131.983076123","1073789"
"1686855131.984214492","1075137"
"1686855131.984217528","1076485"
"1686855131.985222145","1010433"
"1686855131.985858090","1077833"
"1686855131.985862018","1079181"
"1686855131.987458027","1080529"
"1686855131.987462435","1081877"
"1686855131.988520894","1083225"
"1686855131.988524621","1084573"
"1686855131.989596154","1085921"
"1686855131.989600372","1087269"
"1686855131.990669471","1088617"
"1686855131.990673108","1089965"
"1686855131.991752977","1091313"
"1686855131.991757346","1092661"
"1686855131.992853986","1094009"
"1686855131.992858665","1095357"
"1686855131.993960716","1096705"
"1686855131.993964252","1098053"
"1686855131.995092873","1023913"
"1686855131.995647075","1100749"
"1686855131.996695515","1102097"
"1686855131.996699091","1103445"
"1686855131.997729728","1027957"
"1686855131.998260555","968645"
"1686855131.998796813","1030653"
"1686855131.999343991","1033349"
"1686855131.999983774","1042785"
"1686855132.001021173","1104793"
"1686855132.001024319","1106141"
"1686855132.002085022","1107489"
"1686855132.002089160","1108837"
"1686855132.003182335","1110185"
"1686855132.003185170","1111533"
"1686855132.004351071","1112881"
"1686855132.004354698","1114229"
"1686855132.005320793","1052221"
"1686855132.005860607","1056265"
"1686855132.006440076","1116925"
"1686855132.007530044","1118273"
"1686855132.007533551","1119621"
"1686855132.009065469","1120969"
"1686855132.009070018","1122317"
"1686855132.009887063","1125013"
"1686855132.012342267","1126361"
"1686855132.012346565","1071093"
"1686855132.012473533","1129057"
"1686855132.012570255","1130405"
"1686855132.014598025","1134449"
"1686855132.014600821","1135797"
"1686855132.015656504","1014477"
"1686855132.016217238","1138493"
"1686855132.017321242","1139841"
"1686855132.017325000","1141189"
"1686855132.018353212","1142537"
"1686855132.018356929","1143885"
"1686855132.019476873","1145233"
"1686855132.019480299","1146581"
"1686855132.020558686","1149277"
"1686855132.021652952","1150625"
"1686855132.021655447","1151973"
"1686855132.022729385","1153321"
"1686855132.022733012","1154669"
"1686855132.023830134","1156017"
"1686855132.023834222","1157365"
"1686855132.024887471","1158713"
"1686855132.025585082","1099401"
"1686855132.032775493","1044133"
"1686855132.035403661","1115577"
"1686855132.039652917","1123665"
"1686855132.040917353","1127709"
"1686855132.043129129","1131753"
"1686855132.043276997","1133101"
"1686855132.050153308","1147929"
"1686855132.053981752","1160061"
"1686855132.076957416","1137145"
"1686855133.494683088","13980"
"1686855133.499041889","13980"
"1686855133.499046427","15328"
"1686855133.499437642","16676"
"1686855133.499441890","18024"
"1686855133.499444375","19372"
"1686855133.529394075","22068"
"1686855133.529398373","23416"
"1686855133.529725378","26112"
"1686855133.556117142","27460"
"1686855133.556822086","20720"
"1686855133.582878911","24764"
"1686855133.618598644","1160483"
"1686855133.619488666","1160483"
"1686855133.619492934","1160723"
"1686855133.619684885","1162071"
"1686855133.620052786","1163419"
"1686855133.620054940","1164767"
"1686855133.621065960","1166115"
"1686855133.621068274","1167463"
"1686855133.622160967","1168811"
"1686855133.622164845","1170159"
"1686855133.623244083","1171507"
"1686855133.623246407","1172855"
"1686855133.625083539","1174203"
"1686855133.625088088","1175551"
"1686855133.626454646","1176899"
"1686855133.626459145","1178247"
"1686855133.626798041","1179595"
"1686855133.631537307","1182291"
"1686855133.631542396","1183639"
"1686855133.632189082","1184987"
"1686855133.632192378","1186335"
"1686855133.632196065","1187683"
"1686855133.632199551","1189031"
"1686855133.632202788","1190379"
"1686855133.632205022","1191727"
"1686855133.632642754","1193075"
"1686855133.632645269","1194423"
"1686855133.633388155","1195771"
"1686855133.633391842","1197119"
"1686855133.634112777","1198467"
"1686855133.634116524","1199815"
"1686855133.635368727","1201163"
"1686855133.635371072","1202511"
"1686855133.636368305","1203859"
"1686855133.636371782","1205207"
"1686855133.637396778","1206555"
"1686855133.637400184","1207903"
"1686855133.638464895","1210599"
"1686855133.639560323","1211947"
"1686855133.639564571","1213295"
"1686855133.640601741","1214643"
"1686855133.640605478","1215991"
"1686855133.642233196","1217339"
"1686855133.642687921","1218687"
"1686855133.643380332","1220035"
"1686855133.643384390","1221383"
"1686855133.644871154","1222731"
"1686855133.644873408","1224079"
"1686855133.646058946","1226775"
"1686855133.647494463","1228123"
"1686855133.647498240","1229471"
"1686855133.647969476","1230819"
"1686855133.647973313","1232167"
"1686855133.648355521","1233515"
"1686855133.649384565","1236211"
"1686855133.649388151","1237559"
"1686855133.651520538","1241603"
"1686855133.651524325","1242951"
"1686855133.652611689","1244299"
"1686855133.652614735","1245647"
"1686855133.653673795","1246995"
"1686855133.654854273","1249691"
"1686855133.654998514","1251039"
"1686855133.655864181","1252387"
"1686855133.655867668","1253735"
"1686855133.656944281","1255083"
"1686855133.656946495","1256431"
"1686855133.658020112","1257779"
"1686855133.658023809","1259127"
"1686855133.659163451","1260475"
"1686855133.659167218","1261823"
"1686855133.660210919","1264519"
"1686855133.661259419","1180943"
"1686855133.661820744","1265867"
"1686855133.662984161","1269911"
"1686855133.663973720","1272607"
"1686855133.665075480","1273955"
"1686855133.665079378","1275303"
"1686855133.666274894","1209251"
"1686855133.666715963","1276651"
"1686855133.666718558","1277999"
"1686855133.667792907","1279347"
"1686855133.667796523","1280695"
"1686855133.668921928","1282043"
"1686855133.670555669","1284739"
"1686855133.670557903","1286087"
"1686855133.671047212","1287435"
"1686855133.671050599","1288783"
"1686855133.672127853","1290131"
"1686855133.672131119","1291479"
"1686855133.673226948","1292827"
"1686855133.673230214","1294175"
"1686855133.674384313","1225427"
"1686855133.674940989","1296871"
"1686855133.676036798","1298219"
"1686855133.676041747","1299567"
"1686855133.677067014","1300915"
"1686855133.677069589","1302263"
"1686855133.678122858","1234863"
"1686855133.678690705","1303611"
"1686855133.678693540","1304959"
"1686855133.679745978","1238907"
"1686855133.679748673","1240255"
"1686855133.680857567","1306307"
"1686855133.680860713","1307655"
"1686855133.682090454","1309003"
"1686855133.682096585","1310351"
"1686855133.682949999","1248343"
"1686855133.683531632","1311699"
"1686855133.683535570","1313047"
"1686855133.684671103","1314395"
"1686855133.684674780","1315743"
"1686855133.685781800","1317091"
"1686855133.685790857","1318439"
"1686855133.686789093","1319787"
"1686855133.686791989","1321135"
"1686855133.687892406","1322483"
"1686855133.688985781","1263171"
"1686855133.689529753","1267215"
"1686855133.690136744","1268563"
"1686855133.690667421","1325179"
"1686855133.690669936","1326527"
"1686855133.691900298","1327875"
"1686855133.691904466","1329223"
"1686855133.693411718","1330571"
"1686855133.693415085","1331919"
"1686855133.694442064","1333267"
"1686855133.694445070","1334615"
"1686855133.695619327","1337311"
"1686855133.696679018","1338659"
"1686855133.697662677","1341355"
"1686855133.697666073","1342703"
"1686855133.698778303","1345399"
"1686855133.700367349","1346747"
"1686855133.700371216","1348095"
"1686855133.701452128","1349443"
"1686855133.701454662","1350791"
"1686855133.702641062","1295523"
"1686855133.704157170","1354835"
"1686855133.705278858","1357531"
"1686855133.705282675","1358879"
"1686855133.706448877","1360227"
"1686855133.706452974","1361575"
"1686855133.707418399","1362923"
"1686855133.707420593","1364271"
"1686855133.708639533","1365619"
"1686855133.708642679","1366967"
"1686855133.709619605","1368315"
"1686855133.709622621","1369663"
"1686855133.710705546","1371011"
"1686855133.710707860","1372359"
"1686855133.711762963","1373707"
"1686855133.713089245","1377751"
"1686855133.713941717","1379099"
"1686855133.713945905","1380447"
"1686855133.715017418","1381795"
"1686855133.715020805","1383143"
"1686855133.716707845","1384491"
"1686855133.717865080","1387187"
"1686855133.717868987","1388535"
"1686855133.719013528","1389883"
"1686855133.719016844","1391231"
"1686855133.720205889","1392579"
"1686855133.720209826","1393927"
"1686855133.721366760","1395275"
"1686855133.721370607","1396623"
"1686855133.722507463","1271259"
"1686855133.723266189","1397971"
"1686855133.723269245","1399319"
"1686855133.724266549","1335963"
"1686855133.726000868","1340007"
"1686855133.726602960","1403363"
"1686855133.726606957","1404711"
"1686855133.727768941","1406059"
"1686855133.727773489","1407407"
"1686855133.728888996","1283391"
"1686855133.729471821","1344051"
"1686855133.731999901","1408755"
"1686855133.732002556","1410103"
"1686855133.734206948","1412799"
"1686855133.734815792","1352139"
"1686855133.734820070","1353487"
"1686855133.734822234","1356183"
"1686855133.735588033","1416843"
"1686855133.736551334","1419539"
"1686855133.736555542","1420887"
"1686855133.737712476","1422235"
"1686855133.737716063","1423583"
"1686855133.739051572","1424931"
"1686855133.739053897","1426279"
"1686855133.740022827","1427627"
"1686855133.740026174","1428975"
"1686855133.741164673","1375055"
"1686855133.741726499","1376403"
"1686855133.742406186","1430323"
"1686855133.742409512","1431671"
"1686855133.743513927","1434367"
"1686855133.744756533","1437063"
"1686855133.745839949","1438411"
"1686855133.745842193","1439759"
"1686855133.746972587","1323831"
"1686855133.748172973","1441107"
"1686855133.748175558","1442455"
"1686855133.749347149","1443803"
"1686855133.749349975","1445151"
"1686855133.750607508","1446499"
"1686855133.750611816","1447847"
"1686855133.751681586","1450543"
"1686855133.752864980","1451891"
"1686855133.752867444","1453239"
"1686855133.754021183","1400667"
"1686855133.754024569","1402015"
"1686855133.755231707","1454587"
"1686855133.756347755","1457283"
"1686855133.756350490","1458631"
"1686855133.757505139","1459979"
"1686855133.758716606","1462675"
"1686855133.758719441","1464023"
"1686855133.759846729","1465371"
"1686855133.759850006","1466719"
"1686855133.761023060","1468067"
"1686855133.761025805","1469415"
"1686855133.762758020","1470763"
"1686855133.762760164","1472111"
"1686855133.763961061","1414147"
"1686855133.763965409","1415495"
"1686855133.765684139","1474807"
"1686855133.766841704","1476155"
"1686855133.766844970","1477503"
"1686855133.767993268","1478851"
"1686855133.767996845","1480199"
"1686855133.769299242","1481547"
"1686855133.769301436","1482895"
"1686855133.770345197","1484243"
"1686855133.770348584","1485591"
"1686855133.771520155","1488287"
"1686855133.772641733","1433019"
"1686855133.773211634","1435715"
"1686855133.773844463","1489635"
"1686855133.773847188","1490983"
"1686855133.775676987","1492331"
"1686855133.775681185","1493679"
"1686855133.777011314","1495027"
"1686855133.777014110","1496375"
"1686855133.777952924","1497723"
"1686855133.777958664","1499071"
"1686855133.779095982","1500419"
"1686855133.779098396","1501767"
"1686855133.780015970","1503115"
"1686855133.780018766","1504463"
"1686855133.780904660","1449195"
"1686855133.781406263","1505811"
"1686855133.781408818","1507159"
"1686855133.782312025","1509855"
"1686855133.783273903","1512551"
"1686855133.784205183","1455935"
"1686855133.785020114","1513899"
"1686855133.785023891","1515247"
"1686855133.785612688","1516595"
"1686855133.785616545","1517943"
"1686855133.786541914","1519291"
"1686855133.786545721","1520639"
"1686855133.787432377","1461327"
"1686855133.787916036","1521987"
"1686855133.787925484","1523335"
"1686855133.788895306","1524683"
"1686855133.788898332","1526031"
"1686855133.789797060","1527379"
"1686855133.789799545","1528727"
"1686855133.791206879","1530075"
"1686855133.791212209","1531423"
"1686855133.792140013","1532771"
"1686855133.792289905","1534119"
"1686855133.793078527","1535467"
"1686855133.793995981","1418191"
"1686855133.794440416","1473459"
"1686855133.794935987","1539511"
"1686855133.795986662","1540859"
"1686855133.795990549","1542207"
"1686855133.796792035","1543555"
"1686855133.796794380","1544903"
"1686855133.797892613","1546251"
"1686855133.797894978","1547599"
"1686855133.798647001","1548947"
"1686855133.798650908","1550295"
"1686855133.799571618","1486939"
"1686855133.801078380","1555687"
"1686855133.801938396","1557035"
"1686855133.801942223","1558383"
"1686855133.802904532","1559731"
"1686855133.803813660","1562427"
"1686855133.803815854","1563775"
"1686855133.804728148","1385839"
"1686855133.805193162","1565123"
"1686855133.805197921","1566471"
"1686855133.806134691","1567819"
"1686855133.806139060","1569167"
"1686855133.807269434","1570515"
"1686855133.807273291","1571863"
"1686855133.808119050","1573211"
"1686855133.808564978","1574559"
"1686855133.808959700","1575907"
"1686855133.808961884","1577255"
"1686855133.809875941","1578603"
"1686855133.809878466","1579951"
"1686855133.810693067","1508507"
"1686855133.811578160","1582647"
"1686855133.813150926","1511203"
"1686855133.813907788","1583995"
"1686855133.813910162","1585343"
"1686855133.815467329","1586691"
"1686855133.815470445","1588039"
"1686855133.817015808","1590735"
"1686855133.818569438","1592083"
"1686855133.818574437","1593431"
"1686855133.820061802","1411451"
"1686855133.820964899","1594779"
"1686855133.820968997","1596127"
"1686855133.822471240","1597475"
"1686855133.822474186","1598823"
"1686855133.823629306","1536815"
"1686855133.824489533","1600171"
"1686855133.824492278","1601519"
"1686855133.825378603","1538163"
"1686855133.827139612","1605563"
"1686855133.827144552","1606911"
"1686855133.828595158","1608259"
"1686855133.828604896","1609607"
"1686855133.829483106","1551643"
"1686855133.829584888","1552991"
"1686855133.830737464","1554339"
"1686855133.831158204","1610955"
"1686855133.831160509","1612303"
"1686855133.833850744","1561079"
"1686855133.833856485","1613651"
"1686855133.833861835","1614999"
"1686855133.836739121","1617695"
"1686855133.836743189","1619043"
"1686855133.836745724","1620391"
"1686855133.836750032","1621739"
"1686855133.836752687","1623087"
"1686855133.837614626","1624435"
"1686855133.837618213","1625783"
"1686855133.838500140","1627131"
"1686855133.838504799","1628479"
"1686855133.839626687","1629827"
"1686855133.839629563","1631175"
"1686855133.840703190","1581299"
"1686855133.841358913","1632523"
"1686855133.841362509","1633871"
"1686855133.842408455","1635219"
"1686855133.842410829","1636567"
"1686855133.843528370","1637915"
"1686855133.844667540","1640611"
"1686855133.844670275","1641959"
"1686855133.845785270","1643307"
"1686855133.845789118","1644655"
"1686855133.847058172","1646003"
"1686855133.847061148","1647351"
"1686855133.848033906","1648699"
"1686855133.848037773","1650047"
"1686855133.849134895","1589387"
"1686855133.849774427","1652743"
"1686855133.850825161","1654091"
"1686855133.850827526","1655439"
"1686855133.851949334","1656787"
"1686855133.851952299","1658135"
"1686855133.853132116","1659483"
"1686855133.854220131","1663527"
"1686855133.856508130","1664875"
"1686855133.857559686","1667571"
"1686855133.857563233","1668919"
"1686855133.858743441","1670267"
"1686855133.858747348","1671615"
"1686855133.859846173","1672963"
"1686855133.859850552","1674311"
"1686855133.860963333","1675659"
"1686855133.860968412","1677007"
"1686855133.862054453","1678355"
"1686855133.862058520","1679703"
"1686855133.863198813","1681051"
"1686855133.863201488","1682399"
"1686855133.864308017","1683747"
"1686855133.864311975","1685095"
"1686855133.865470722","1616347"
"1686855133.866233465","1686443"
"1686855133.866237403","1687791"
"1686855133.867216412","1689139"
"1686855133.867219258","1690487"
"1686855133.868264843","1691835"
"1686855133.868278819","1693183"
"1686855133.869402861","1695879"
"1686855133.870528637","1697227"
"1686855133.870533777","1698575"
"1686855133.871627883","1701271"
"1686855133.872747897","1702619"
"1686855133.873936821","1639263"
"1686855133.874542660","1705315"
"1686855133.874546567","1706663"
"1686855133.875626296","1708011"
"1686855133.875629732","1709359"
"1686855133.876788811","1710707"
"1686855133.876793770","1712055"
"1686855133.877940525","1713403"
"1686855133.877944302","1714751"
"1686855133.878901942","1651395"
"1686855133.879467715","1716099"
"1686855133.879471522","1717447"
"1686855133.880637122","1718795"
"1686855133.881732330","1721491"
"1686855133.881736729","1722839"
"1686855133.882841535","1660831"
"1686855133.884064944","1724187"
"1686855133.886468841","1730927"
"1686855133.887363953","1602867"
"1686855133.888458009","1666223"
"1686855133.889006410","1732275"
"1686855133.889008814","1733623"
"1686855133.890433521","1734971"
"1686855133.890437228","1736319"
"1686855133.891404666","1737667"
"1686855133.891408373","1739015"
"1686855133.892417800","1740363"
"1686855133.892421447","1741711"
"1686855133.893914452","1744407"
"1686855133.895766272","1748451"
"1686855133.896910071","1752495"
"1686855133.898021781","1694531"
"1686855133.898675539","1753843"
"1686855133.898679467","1755191"
"1686855133.899707579","1756539"
"1686855133.899711626","1757887"
"1686855133.901048158","1759235"
"1686855133.901051754","1760583"
"1686855133.901924534","1699923"
"1686855133.902547936","1763279"
"1686855133.903659685","1703967"
"1686855133.904359440","1764627"
"1686855133.904363397","1765975"
"1686855133.905327950","1767323"
"1686855133.905330775","1768671"
"1686855133.906433498","1770019"
"1686855133.906435762","1771367"
"1686855133.907588278","1772715"
"1686855133.907592035","1774063"
"1686855133.908704766","1775411"
"1686855133.908707581","1776759"
"1686855133.909852472","1778107"
"1686855133.909857271","1779455"
"1686855133.910968099","1780803"
"1686855133.910971505","1782151"
"1686855133.912070260","1784847"
"1686855133.913240900","1662179"
"1686855133.914340837","1725535"
"1686855133.914876804","1726883"
"1686855133.914879749","1728231"
"1686855133.915973385","1729579"
"1686855133.916566559","1786195"
"1686855133.917724355","1788891"
"1686855133.917727160","1790239"
"1686855133.918823711","1791587"
"1686855133.918827648","1792935"
"1686855133.919941982","1795631"
"1686855133.921632478","1798327"
"1686855133.922738837","1801023"
"1686855133.924518271","1802371"
"1686855133.924521137","1803719"
"1686855133.927357587","1805067"
"1686855133.927362166","1806415"
"1686855133.927364229","1745755"
"1686855133.927367375","1747103"
"1686855133.928004453","1749799"
"1686855133.928620881","1751147"
"1686855133.929406237","1807763"
"1686855133.930844399","1810459"
"1686855133.930993850","1811807"
"1686855133.932041979","1761931"
"1686855133.932914820","1813155"
"1686855133.932917054","1814503"
"1686855133.934120255","1817199"
"1686855133.939002439","1818547"
"1686855133.941151448","1821243"
"1686855133.941155285","1823939"
"1686855133.941157499","1825287"
"1686855133.941159853","1783499"
"1686855133.941163330","1826635"
"1686855133.941691122","1829331"
"1686855133.941695089","1830679"
"1686855133.943751864","1832027"
"1686855133.944263085","1720143"
"1686855133.945316545","1834723"
"1686855133.945319991","1836071"
"1686855133.946349185","1837419"
"1686855133.946351740","1838767"
"1686855133.947744447","1840115"
"1686855133.947747032","1841463"
"1686855133.949049990","1842811"
"1686855133.951074845","1845507"
"1686855133.951079023","1846855"
"1686855133.952452874","1848203"
"1686855133.952455048","1849551"
"1686855133.953768857","1850899"
"1686855133.953771172","1852247"
"1686855133.955148140","1853595"
"1686855133.956436901","1604215"
"1686855133.957353073","1743059"
"1686855133.957934075","1794283"
"1686855133.958582964","1796979"
"1686855133.959324207","1799675"
"1686855133.960054259","1809111"
"1686855133.960573003","1857639"
"1686855133.961904616","1860335"
"1686855133.963260855","1815851"
"1686855133.963963996","1861683"
"1686855133.963967392","1863031"
"1686855133.965318331","1865727"
"1686855133.966685680","1867075"
"1686855133.968042800","1869771"
"1686855133.969359775","1819895"
"1686855133.970018854","1822591"
"1686855133.971424766","1872467"
"1686855133.971428503","1873815"
"1686855133.972817373","1875163"
"1686855133.972821911","1876511"
"1686855133.974064476","1833375"
"1686855133.974810057","1877859"
"1686855133.974813844","1879207"
"1686855133.976171225","1880555"
"1686855133.976175944","1881903"
"1686855133.977591433","1883251"
"1686855133.977742006","1884599"
"1686855133.978909831","1885947"
"1686855133.978912796","1887295"
"1686855133.980230473","1787543"
"1686855133.980866869","1844159"
"1686855133.981578686","1888643"
"1686855133.981582193","1889991"
"1686855133.982947899","1891339"
"1686855133.982950895","1892687"
"1686855133.984271777","1854943"
"1686855133.984983424","1894035"
"1686855133.984985709","1895383"
"1686855133.986345414","1896731"
"1686855133.987675212","1899427"
"1686855133.987677517","1900775"
"1686855133.989044977","1902123"
"1686855133.989049194","1903471"
"1686855133.990421804","1906167"
"1686855133.992670439","1908863"
"1686855133.993009426","1856291"
"1686855133.993761450","1858987"
"1686855133.994451376","1864379"
"1686855133.995143206","1910211"
"1686855133.995145600","1911559"
"1686855133.996602228","1912907"
"1686855133.996612327","1914255"
"1686855133.997841156","1868423"
"1686855133.999300108","1915603"
"1686855133.999303204","1916951"
"1686855134.000562069","1827983"
"1686855134.001251114","1918299"
"1686855134.001253528","1919647"
"1686855134.002612763","1920995"
"1686855134.003961056","1923691"
"1686855134.003965144","1925039"
"1686855134.005330900","1926387"
"1686855134.005334467","1927735"
"1686855134.006833063","1930431"
"1686855134.008033789","1931779"
"1686855134.009386551","1934475"
"1686855134.009389637","1935823"
"1686855134.010761545","1937171"
"1686855134.010765483","1938519"
"1686855134.012099510","1939867"
"1686855134.012101754","1941215"
"1686855134.013459435","1942563"
"1686855134.014815183","1946607"
"1686855134.016311134","1898079"
"1686855134.016998907","1947955"
"1686855134.017008144","1949303"
"1686855134.018201526","1951999"
"1686855134.019532527","1904819"
"1686855134.020225029","1953347"
"1686855134.020231140","1954695"
"1686855134.022274400","1956043"
"1686855134.022277887","1957391"
"1686855134.023724205","1958739"
"1686855134.023726539","1960087"
"1686855134.024986426","1961435"
"1686855134.024989983","1962783"
"1686855134.026334339","1964131"
"1686855134.026337104","1965479"
"1686855134.027682753","1871119"
"1686855134.028700676","1966827"
"1686855134.029752984","1969523"
"1686855134.029757602","1970871"
"1686855134.031092841","1972219"
"1686855134.031096749","1973567"
"1686855134.032415667","1922343"
"1686855134.034588691","1974915"
"1686855134.034592228","1976263"
"1686855134.034595073","1977611"
"1686855134.035530371","1929083"
"1686855134.039453342","1933127"
"1686855134.043479438","1943911"
"1686855134.043809228","1945259"
"1686855134.052208742","1907515"
"1686855134.060595973","1968175"
"1686855134.080764003","1950651"
