frame.time_epoch,data.md5_hash
"1686856214.637706550","1d7356786bf8f34fa1fb155f679e000e"
"1686856214.637708323","721343afab0b6abf811b4f2e98d8a6ad"
"1686856214.637709195","32a6a37652698e95deee42ff1c1a5817"
"1686856214.638272662","f79938840b26a65a0f782bbeced3eda0"
"1686856214.639878775","4104cdd4ea2eca58cb7526c777629a2d"
"1686856214.640020113","08daff3ca0d643343119b3d08e0ab05c"
"1686856214.640328427","6418cbad32c981d63f90ae95d2cfe4d3"
"1686856214.640330321","9cb491957194e15ea0dd59a2e34668a4"
"1686856214.641836956","eb58437eb25d9363a71841e91b7f3935"
"1686856214.641838038","7a530d034c5fa5f76b70044b2194470e"
"1686856214.641838899","adfe8ae7e7dfe89b9645141a4496648d"
"1686856214.641839741","25f2796bbe1f4891111acd51cf8dddf4"
"1686856214.642983939","0bbd51879ed5d0dcd010b35ccc717f14"
"1686856214.642984941","8571c3aaaacc684488343b7e1604034b"
"1686856214.643439732","4f1209a70f39f06dfd3c52b50b5038dd"
"1686856214.643440704","5b863854408a36c2df112b7fb4cc30b1"
"1686856214.644368732","139ffd952b3e6261ab1b3aca8b41eadd"
"1686856214.644369664","db04cfa89ff8d67423eae91f20e82a12"
"1686856214.644738964","7e368f0f03a9d8230035a5a2ed88c89e"
"1686856214.644913535","972e47b21a448218f6c223b4f057666b"
"1686856214.647263006","eab0040edb6c54ccf599ff590e5884fc"
"1686856214.647264128","4757533bbe92f6b217ad889a60710369"
"1686856214.647852172","590aef2d584110d686969567aeaf3697"
"1686856214.648019409","d27af49cfb6036cad4bb00c489c6fc2f"
"1686856214.651458726","39ab7df29a545209a4ca1bcca0bd3c7b"
"1686856214.651460469","374531dd15638c16e8e610dc1c7da7ca"
"1686856214.652401231","17ea37d01278a08a49c4477112baf1f1"
"1686856214.652402353","be2b24a249874ea21ff72d25f644bb0b"
"1686856214.652403235","7d453bf08237d60c30ea0052ccb94809"
"1686856214.652404077","bf6cef1f30ffa12aef9dc4173a3b4b61"
"1686856214.652404928","9f1a70f89bad8212e2ca07de99b520c8"
"1686856214.652405780","b22126f18be199141bec2d969e74d95c"
"1686856214.652406642","45eeb7b7a56a146f0fcef997b36c6152"
"1686856214.652407503","2cdf6cd2f237aa20c1604f617a36d6de"
"1686856214.652408365","b4ce737d216045f7b5b70cd3c26cef0d"
"1686856214.652409216","aca3a8eada7c7c1a90ddd7c232949411"
"1686856214.652410058","07f0a76d765f58a452e078f7c8b376ee"
"1686856214.652410960","49ce5a904e9418c74b8ccfcdf60bfe75"
"1686856214.654321179","19bca9bf3d66fad70fca87bd3edf1c07"
"1686856214.654322421","3ad6830f464f9e7c83e0c69801648968"
"1686856214.654689267","1c4309185131990c81be6b509197687d"
"1686856214.654690218","55e1acf30f7815061999bfd7a6afe0be"
"1686856214.655134681","5f8df86133f15675cf6ea3e1d0dc3ba6"
"1686856214.655135672","5f65c9aa39f3f14b25b0039a90ed835b"
"1686856214.655347203","517c01555456ede188f382d461143dbf"
"1686856214.655349257","292a5ed4afa7e171290672469540f3a7"
"1686856214.659415842","cb24e0cacae5ff39f25693edca76dd57"
"1686856214.659546450","a0c84805d26baf6a99265e13be531206"
"1686856214.659808456","0b61939992df9dfb708890530d072b6c"
"1686856214.661120171","c82b610766510148aeb9b6b2567941b7"
"1686856214.661121163","1d2824572a15c5e6b28712da499ff923"
"1686856214.661122015","16a1ec7226c7b069a4ad9485f6c5ebf1"
"1686856214.661122877","777f2c47b31ea0efbb8d9b24f93659c9"
"1686856214.661123758","299959cf5c17f28829f23e129a7ba67e"
"1686856214.661124600","15b12e203c8e29ea3e999e9a3fe62dda"
"1686856214.661125441","c1d66e4c7788f8a286760022cba2310e"
"1686856214.661126313","a36b8fbeb3e1e41d456b0b6cc72097ad"
"1686856214.661127175","83bb7bfbe9ffa9b6f8597299acccd083"
"1686856214.661128036","544ab6dde380799fb6216bfde26282c0"
"1686856214.661128878","e1ddbee328c7ce11230c4c6431c49adf"
"1686856214.661751418","77e5b873461b33b728e8232c8004aab1"
"1686856214.661752439","cc9e0ce1a8c1f6d050b1676c835986ab"
"1686856214.661753321","f8911cf6d2559194deb43fafb0555a37"
"1686856214.661754173","0d2cc732f1081c030d20c3d228862892"
"1686856214.665386756","7bbdf3691ddfc0e06234381c9c8347ab"
"1686856214.665388799","e92ab96de6729ff77eb742862bc64a54"
"1686856214.666197351","4408b45f757c4d57eaafa581c7958fd4"
"1686856214.666580057","1ab548565f13daadaaa583fc37b0fdfa"
"1686856214.666581329","39ea46cdfe5fb2522b782b73dcf73012"
"1686856214.666582491","68f67aec18e397fc48f86d402788c1d7"
"1686856214.666583673","3ae02c6b085b829d6b84292986166dd3"
"1686856214.666584816","610d96d2cfcddd930050b5afb971cd82"
"1686856214.666585948","910faf4f81eff0f172e272603d6a494d"
"1686856214.666587120","c4bc3ecbcc84a51ed0b4cfc0d74abd1c"
"1686856214.666588713","07a1f6312807356949fe7342f8e41085"
"1686856214.666590206","f71992a7082911cb89e316b0c1655a8e"
"1686856214.666591628","25a92946b97cbffa18d68895fcb71c28"
"1686856214.666593282","99af4c3dae167ad029ff6a68655ef53f"
"1686856214.668087523","5921e29d8f0caa7a4ae1ff7261a0b379"
"1686856214.668088645","3726fc7b97df213e31e735a885ab2749"
"1686856214.668477391","0bdc69bd94234b396d5daff5f51e9905"
"1686856214.668478464","e77fcf39afe4935f0c1ff59d7f019fe9"
"1686856214.669116913","17cc496f35364918c4000fcc458628e3"
"1686856214.669293368","f1ddcd87c175535070763cc245232a20"
"1686856214.669487375","ab67ca696821acf8ccfdbb5953a472ef"
"1686856214.669488507","b4715383d40be7005705ce9cefdb803e"
"1686856214.671828190","2eea53af025a61530abf9764b9638ee7"
"1686856214.671829312","2f65df125f1b2070c2f2849efc824859"
"1686856214.673273058","9ab93219a1b25b1cca9815b13b85f7c6"
"1686856214.673274100","881419d9f48ff9277ee2ac6ad35bceca"
"1686856214.674990372","77c95fa8ab5752511ca04208f8909b3b"
"1686856214.674991414","e3787941f1bb5e41888aab622a32d362"
"1686856214.674992275","dc83c6a7ae031115f7956aa8410f55db"
"1686856214.675353229","cb21f32b6899810a34a5a131f1c882f3"
"1686856214.676653303","e5758a5e6283ec317a9c543906dad4d9"
"1686856214.676654866","37071836f3a8bd53867b47401e9338dd"
"1686856214.677001382","b941a86ca9d29a3d25896341455da379"
"1686856214.677002404","c2ea4d380790167b60c434e0b07cc48e"
"1686856214.682007457","a1725a091824e36125f8471ff0fa92d0"
"1686856214.682008830","96eb96ac9626b9632f994c545ca760e8"
"1686856214.682009712","455fa52af0b85aee28bce823f4af55fb"
"1686856214.682010583","6b691790d7c10b37408055b4c247ea4d"
"1686856214.682011425","bc5850d8329331ac5429db64fd26b44e"
"1686856214.682012287","208ba19dbb869dc73919655dc653e2f7"
"1686856214.682013128","91ceb961fcae7f29801aa1a604023182"
"1686856214.682013970","64212dbcaefbd7e0ef493eae635993ec"
"1686856214.684502395","51083a79fe15a088b1c5ae8afefd06ee"
"1686856214.684644424","b774b1dff3930f726f9faa75f206e81d"
"1686856214.685075981","46628c6b5031593d8285cade5818dc3b"
"1686856214.685076973","42da1816122f6fdad77e90a2a4d8f987"
"1686856214.686841437","4d370b4256f2dc2450ece61c641578bb"
"1686856214.686842479","2e7fac25f21ee32c7d291addbe237e7f"
"1686856214.686843360","bc28eadaa38e62bde3165c65b058f61a"
"1686856214.687436043","12aa6c2d2d83cee7f7cf8bff3eba020b"
"1686856214.687437155","84462a47db7a489263906e2f54ce45e8"
"1686856214.687438017","a3233b18e1f43942373f8daa24aa4d99"
"1686856214.687438919","07551c11bf35e5eca453385904833738"
"1686856214.687439780","6b7b13dfb886c97c8fe9fc5a0fbe246b"
"1686856214.688720437","c287aa2187dd54625692cf964e6258ac"
"1686856214.688721479","608528e0177f3cfc2d0ea5c4bab7643a"
"1686856214.688722340","0793f51db3d1db3b292018fd558dbb9e"
"1686856214.689083034","c5b0da349930deb6a18d158a8cfa79f3"
"1686856214.692300490","925f3e5422866abdbd5848af3a481175"
"1686856214.692301682","fada49199488b1e88e1e3e8ef8d260f0"
"1686856214.692702862","018eb00d56a297390c01465d011668fd"
"1686856214.692703834","5d271d0d77c0ad9f9a770c5da7e98e0a"
"1686856214.694947515","19994c4695bdd6bf0448ad7b5b45aad4"
"1686856214.694948708","130a7a6c6abe9cbaf997f9e99c806df4"
"1686856214.695297729","baa4cea11b549083d94ac4860080a912"
"1686856214.695298761","ad68a39cfa69f0b01db6c236312e1f34"
"1686856214.696370712","325f271489226733e983522c7bd39483"
"1686856214.696552897","248c742792345c44356c6b1482c9fa49"
"1686856214.696879656","7f8ca51f4b81377057c50b0a6f5f6b00"
"1686856214.697525330","f901267ed9bf8ba2ef444fc141f0c652"
"1686856214.699521312","8b525df0920285c111bdb20d32e26264"
"1686856214.699522414","765d59461103e25f8794b9c414ce1417"
"1686856214.700122210","291f3497674ba2429daae8f75b2dff6b"
"1686856214.700123342","3271aa03bb2879a81733fe3d746082e1"
"1686856214.700124214","ac3cf38ef757cc1fe8fb1fafdafb35d7"
"1686856214.700125046","26d501d7149169ff0c627efe86c838bd"
"1686856214.700125917","63b42b402916cc70622fafda76fc6edb"
"1686856214.700126829","2b7df628c98d1506b5f725dfda4e288a"
"1686856214.703365325","36cf95816109c03f196d4dd79e318a4f"
"1686856214.703366307","b78cc837090c6fd228982f29b0c11c34"
"1686856214.704985835","a92958b6f15a0e20ceaf6fe6afc2c413"
"1686856214.704986847","77d5bcb241b4cdea8b8f65c9b13c5767"
"1686856214.704987739","11064eb48c21db353949a6b1a26a9e69"
"1686856214.704988591","803c1f8fadfd4aaea10bc9898d266fe8"
"1686856214.704989442","992a8498061bfb284617328a3562b228"
"1686856214.704990314","6d918d3b544d7288380b13a5284b2578"
"1686856214.704991176","3fc8a9b7a7fda23c8039dac23a36eeac"
"1686856214.704992037","be38cc1e74429a6b8b1a48b902ca3b10"
"1686856214.704992889","83df62069b22d542b8133a8e8dcb4461"
"1686856214.704993770","0669480ef0e3e3f4bb716fdc1da66013"
"1686856214.704994682","5c3a477aaea47cc3c904999727b4246c"
"1686856214.704995554","f35a6496d3c7f9c820e54a918c31309c"
"1686856214.707066768","2c91bed345b25249696922fd9c35a895"
"1686856214.707067800","7ab602e2beeece85eadfa636eacab5fa"
"1686856214.707068692","d648a01eebde46b945834f229ad4af8d"
"1686856214.707663519","abaa4ab0e494ea8bb8f8cc5b12b75755"
"1686856214.707664591","cd2991be236366c09d9c7a700e5b782d"
"1686856214.707665483","1ba1acb5101f73abcbdc3881c50ae1a6"
"1686856214.707666324","07837725599a0e6d385d9f8463a9f0e0"
"1686856214.707667216","fb50c7b6f1a5b024048e513c55b38e50"
"1686856214.711673186","e644e1a8a3beb5a784f52b8e66d43df5"
"1686856214.711674970","32ee9466cb104e4fb4ba960d2aba6274"
"1686856214.712420182","dfbbdbfe569974b62e05ceecdcecc658"
"1686856214.712421214","5da7e4a362b37a3938095d507922b053"
"1686856214.712422065","38ba01a6a31a35aa188914dc9fd9a122"
"1686856214.712422917","5a260afc11d767fdb984511ede7c007a"
"1686856214.712423768","49f22405434598bd0019103078a7de76"
"1686856214.712424620","d80d673776955e2f79ef74cfc597f89f"
"1686856214.712425482","44196d92a86f55cde35c22bbf20c2dbf"
"1686856214.712426383","6481c13a8aed389aea5ee538c132965d"
"1686856214.712427245","fc768cfc9dc22bb5c98234a03d3dc9d5"
"1686856214.712630049","7ce18506b49218315ac61b251cd3c2f3"
"1686856214.712631011","91e6a541b08ddc27dd4cdaafaa8ccc45"
"1686856214.712631883","53cf1d4d76101ec11709e045fbf2905c"
"1686856214.714511043","851703b785f15410b7f34fde504b60eb"
"1686856214.714512205","ca827aa0268132598d3a18ef12b1cd76"
"1686856214.714513177","65272255ad26fffd264e2cba12b66b86"
"1686856214.714896313","db87d8b02f0d5850f8372872da9590d8"
"1686856214.716516974","2181f4021e1ca6c3f1ed09494bfcb7de"
"1686856214.716518096","25b9e965db37a7ed3a5145df98acf96a"
"1686856214.717027912","4c3360b12e0533508aaeb23044074a27"
"1686856214.717028914","b4e9066801cd9862dcdcc186931d8258"
"1686856214.717859027","4726e0531009742f00a41d9970edd73b"
"1686856214.717860079","4ae0912138f126548c794f7a6e1d2621"
"1686856214.717860950","d692741043992a7c09b9f305362c1590"
"1686856214.717861792","382edfaffccf6ca5999d8852855d11c6"
"1686856214.719227159","86a135d301f1c80dd997b504836739b5"
"1686856214.719228151","ce0b6682b1910808ffaeaa8693a17bbb"
"1686856214.719609704","c7bdf3c5c44f6a0e81354b9380f4800d"
"1686856214.719610736","c6136bb87798b859f2eeeb27829f6d9b"
"1686856214.723276401","0e3c11b6e65586efcb48daf88a6723de"
"1686856214.723277584","1522978bd7a3b7d88822c0376982360f"
"1686856214.724238574","ea7cf033a05406955bf5919d6e2a3ac1"
"1686856214.724239586","a136959092848d3395ce1da4bb63a256"
"1686856214.724240488","acf3d7cb2e343cc70c6cad8094d3448f"
"1686856214.724241390","5c3f4704ff56ac4692ebec4acf0c6ab6"
"1686856214.724242241","67f3f62eef3f756adee2b54cef0622b5"
"1686856214.724243083","4e96387a3db9acad606882f56b04fa82"
"1686856214.724243925","eb0d0457d7e84058a96979a49f625e04"
"1686856214.724244756","21d3e3192c20113135cd92c047fcf916"
"1686856214.724245628","44ff90336880376b1d20e2010105b36b"
"1686856214.724246469","fde3a204de08895ef2f52b21e13f9372"
"1686856214.724247321","ad3231067322bcf402f28abcdea86578"
"1686856214.724248203","42164c15c290606d92eef42cdd637714"
"1686856214.727966458","617dd7e5a77d96b8b9db62f31fa2d97c"
"1686856214.727967610","e997e8810f3cf1cc3d5b99c043f08ead"
"1686856214.728936005","236247de117271b38e0b48be5b473914"
"1686856214.728937027","6aaf060bdcb4ab638cb124c152548c89"
"1686856214.728937878","6e2968b3f3cb7ab973d204f0c1916292"
"1686856214.728938710","a897a52b300138818fe3a053d28662e0"
"1686856214.728939572","def5cc3d4875a32ab03c7618276007b7"
"1686856214.728940433","697072261109e8e11de80b7eae919a32"
"1686856214.728941335","daf1c6f41167a29afc9ffe6f2c155d50"
"1686856214.728942176","9de0054578feb163b01ebe5c679129b8"
"1686856214.728943028","d5da864264902760182b31648a9b0b3a"
"1686856214.728943910","f0b53fd019a8a626e34c0d01c88f582b"
"1686856214.728944781","347bb5e13ef29d0cbf2c482c11d54974"
"1686856214.728945663","e1313f5f54964b6c6b7727eefc5027d8"
"1686856214.732157789","0c51530df75f545dd6e24fb14b7300ab"
"1686856214.732159022","ae80dc65db88d333b56ee6b3b1b76662"
"1686856214.732159913","563b455e1b2505c574d638313cafb455"
"1686856214.732678796","c50463c586a5835a08e8a8ab99ade673"
"1686856214.732679848","6630843c69d7c1ed5fa0e3028caf9133"
"1686856214.732680740","d2c50dc7d50860daeca9eec82c10a6c7"
"1686856214.732681592","923cd0cafa3eb5efa32984968e19e4f2"
"1686856214.732807921","6366ab181407b37967d57d10a5b48c28"
"1686856214.744769325","a674b64fa7fe755c43b73a00caabd746"
"1686856214.757691729","32b87beaff804aad30e20f1cadf89e0a"
"1686856214.757763365","6da2d8f0fbd448d19e1dcde1faeea9e6"
"1686856214.758084995","aa8708005ee06db04d9044a3c9130e18"
"1686856214.759205297","20da7e28ae8e1148938b29bdaf903179"
"1686856214.759206349","c3cd59c09131d5b98797bd9a4ede5ccb"
"1686856214.759207261","c57bf7cc61c811282abf1765f5ee08e8"
"1686856214.759208113","f2c652cc2c4320090c21911e68498496"
"1686856214.759208944","d15bc5391d254c718a0de5a8a47b8cb7"
"1686856214.759209786","2b9aea0427d9a60caf429a314a6f32c4"
"1686856214.759210637","67dc8e0adccc34f025819526265d4023"
"1686856214.759211479","6384337a80f1af0dfff6f99ab52faba9"
"1686856214.759212321","51d6e934cf496840b1be4920fa9562ac"
"1686856214.759213202","17ddf54f8499fd247a01cb2ab4cef00b"
"1686856214.759214054","1aed9bc7d1c55645ab24d3bd4a092ef2"
"1686856214.761005258","6369d5854cbb2b049479b04180917178"
"1686856214.761006390","02ee09845656fc397ddef5dec643cdc1"
"1686856214.761380158","393995f254f6011f6293cbd9851c4b65"
"1686856214.761381110","b8e553504a5b8584c80d7daaf7571dc0"
"1686856214.763010006","ded621a27e42f0d90b7a312ce3b6e546"
"1686856214.763010988","d14e256e62b9da4cc48a7423decde378"
"1686856214.763515394","8abb0ce11cd01946703581111b380ca2"
"1686856214.763516386","3248444fdcf320af2f08311e9c018167"
"1686856214.765270770","85342230b7e08e7c2ece5df1389bfd0b"
"1686856214.765271802","e0d3b5c82b71cc1f34ed0fb1ee717124"
"1686856214.765657823","a112b1e1d8c5f08045a4ce95c1b86ff3"
"1686856214.765658845","2c16e13e68a3f93ab04e35e5a5bfcc8e"
"1686856214.767066502","5b14bdb6d8d42798188ef7cfd644c276"
"1686856214.767067454","53c83a537e6dd18481231b6751ff4338"
"1686856214.767440070","c6c68ec7ba51ad43c84fd056cbae23f8"
"1686856214.767441062","0dae144adbca536b44f5c95a06539ab5"
"1686856214.771805151","044cea7da25d69ba99fde803dde72c75"
"1686856214.771806483","444694a1aa2001ec3249ebb77eb3efb5"
"1686856214.772748368","24a83ffa09444745d16baea3b2cbc4bc"
"1686856214.772749370","262891462dca81b1c03d51d750034d9f"
"1686856214.772750271","09c1b3633bec9a6fbd8100e0596cbfbd"
"1686856214.772751093","6e0979eb931beff181f4287faa9f21ba"
"1686856214.772751925","811e7bc9bcbf552b09c35a5d653bc1a3"
"1686856214.772888834","437c9ed8503738d48a373bf330bc9645"
"1686856214.772889766","7fa754728b0c779ec46d929668e48a84"
"1686856214.772890617","e69a8bc5f0f6880fa0bb95093ddb75d4"
"1686856214.772891479","dc84e205de5b165676061ca2c49c9237"
"1686856214.772892331","9c6b5cf359a94fbad34e7b745b464155"
"1686856214.772893172","8a3b09d405d31bfe02d80a304030f1a0"
"1686856214.772894024","78c063a86200a1816a3a18a42184b48c"
"1686856214.774962333","1e7a2ca35daec4d7b417de677f119407"
"1686856214.774963315","6f342c1b2d0f3712e91d03318023a715"
"1686856214.774964196","0b50de1518d9202f515cd3dd420132eb"
"1686856214.776194036","a336ba50a14e27d5f4a0f2a739f10031"
"1686856214.776353048","542c1b7ced4f744a9d1315988b2ebef6"
"1686856214.776354851","f3ef3bc34ca4998baa2fd564db3c3dcc"
"1686856214.776744700","b0f668ba8ee28ff1bb86335d2cccb326"
"1686856214.776745752","cded6e81402bce44b007e4801fc7fc39"
"1686856214.778387503","ccbf036c148ee478b19e189b8927e7fa"
"1686856214.778388705","38cb3736d2809b25b9c0cb098c6662a2"
"1686856214.778389617","fde73c0f87d893eec9f3c21a94cc3d3a"
"1686856214.778752474","12ef477631c2519e39f0079b72893608"
"1686856214.783642159","2e753f78826c9e872036acd35368289a"
"1686856214.783643351","fb5b20b8070d5bf14b4724e1dce955a9"
"1686856214.785609436","b846529107891cd9ed5bd4560016e792"
"1686856214.785610618","5f47fbc558980f2d4e5b4993adf8a298"
"1686856214.785611550","47c7035a9af98f943526b70dcc0d6474"
"1686856214.785612401","64ded001241b1d6c3df04b7ca70d0a6a"
"1686856214.785613243","837185c324c7ff35ab9e708235f53955"
"1686856214.785614075","61852ab4a19233144ed94d5659cba79e"
